인허가일자,상세영업상태코드,폐업일자,소재지전체주소,사업장명,업태구분명,구명,동명
20190109,1,,충청북도 청주시 상당구 서문동 157-14,홈플러스(주)베이커리행사매대,제과점영업,상당구,서문동
20190214,1,,충청북도 청주시 청원구 주중동 1054번지 103호,미쓰콩,제과점영업,청원구,주중동
20190521,1,,충청북도 청주시 서원구 분평동 1258,파리바게뜨분평주은,제과점영업,서원구,분평동
20190520,1,,충청북도 청주시 상당구 수동 315-24번지 1층,종달새빵집,제과점영업,상당구,수동
20190513,1,,충청북도 청주시 흥덕구 송절동 850번지 테크노폴리스우미린,뚜레쥬르 테크노폴리스점,제과점영업,흥덕구,송절동
20190620,1,,충청북도 청주시 흥덕구 가경동 1416-2 대우 메가폴리스,베이커리팩토리 청주점,제과점영업,흥덕구,가경동
20190404,1,,충청북도 청주시 상당구 용암동 2689번지 1층,청주마카롱,제과점영업,상당구,용암동
20190806,1,,충청북도 청주시 흥덕구 옥산면 가락리 265번지,뚜레쥬르,제과점영업,흥덕구,옥산면
20160720,1,,충청북도 청주시 상당구 북문로2가 65-2번지 1층,안셈,제과점영업,상당구,북문로2가
20190820,1,,충청북도 청주시 흥덕구 오송읍 연제리 718번지 오송생명타워,오송빵집,제과점영업,흥덕구,오송읍
20191216,1,,충청북도 청주시 흥덕구 가경동 1669번지,식빵공장,제과점영업,흥덕구,가경동
20191227,1,,충청북도 청주시 서원구 사창동 423번지 1층,선물같은오늘,제과점영업,서원구,사창동
20191129,1,,충청북도 청주시 흥덕구 봉명동 1817-1,프레레(frere),제과점영업,흥덕구,봉명동
20200107,1,,충청북도 청주시 상당구 대성동 98번지 1층,본정,제과점영업,상당구,대성동
20191111,1,,충청북도 청주시 청원구 오창읍 양청리 786-1번지,용수베이커리,제과점영업,청원구,오창읍
20141226,1,,충청북도 청주시 상당구 영동 93-1번지 1층,김관식빵집,제과점영업,상당구,영동
20200116,1,,"충청북도 청주시 서원구 사직동 765 1,2층",흥덕제과,제과점영업,서원구,사직동
20200310,1,,충청북도 청주시 청원구 우암동 156-19번지,구움(GUUM),제과점영업,청원구,우암동
20200114,1,,충청북도 청주시 청원구 주중동 965번지,LEVAIN200(르뱅200),제과점영업,청원구,주중동
20200210,1,,충청북도 청주시 흥덕구 옥산면 가락리 977번지,파리바게뜨 옥산파크자이,제과점영업,흥덕구,옥산면
20200311,1,,충청북도 청주시 흥덕구 오송읍 만수리 527번지 오송농협,빵굽는 마을,제과점영업,흥덕구,오송읍
20200203,1,,충청북도 청주시 상당구 용암동 2534번지 1층 102호,브리스브레드,제과점영업,상당구,용암동
20200407,1,,충청북도 청주시 상당구 용암동 2942-111번지 시티프라디움 1단지 상가1동 107호,파리바게뜨청주동남씨티점,제과점영업,상당구,용암동
20200421,1,,"충청북도 청주시 상당구 북문로3가 44-1번지 106,107,108호",모린인더가든,제과점영업,상당구,북문로3가
20200526,1,,충청북도 청주시 흥덕구 가경동 415번지,라비도레,제과점영업,흥덕구,가경동
20180706,1,,충청북도 청주시 청원구 우암동 323-25,오아마카롱,제과점영업,청원구,우암동
20200622,1,,충청북도 청주시 상당구 용담동 470 1층,빨간기린,제과점영업,상당구,용담동
20200729,1,,충청북도 청주시 상당구 용정동 272-2 선프라자컨벤션센터 1층,바누아투,제과점영업,상당구,용정동
20200715,1,,충청북도 청주시 청원구 주중동 945,아르떼 베이커리,제과점영업,청원구,주중동
20200810,1,,충청북도 청주시 흥덕구 복대동 3380 현대백화점,베즐리 충청점,제과점영업,흥덕구,복대동
20200807,1,,충청북도 청주시 서원구 모충동 101-22 1층,예이크,제과점영업,서원구,모충동
20200720,1,,충청북도 청주시 상당구 용암동 206-1 칸타빌 더 테라스 1단지 상가동 109호,뚜레쥬르청주동남점,제과점영업,상당구,용암동
20200820,1,,충청북도 청주시 흥덕구 복대동 288-62,샤또드갸또,제과점영업,흥덕구,복대동
20210715,1,,충청북도 청주시 청원구 율량동 2080 선광로즈웰1차아파트,달에뜨,제과점영업,청원구,율량동
20210714,1,,충청북도 청주시 흥덕구 송절동 720,듀레베이커리 테크노점,제과점영업,흥덕구,송절동
20210726,1,,"충청북도 청주시 서원구 성화동 708 성화휴먼시아4단지, 104호105호 상가동",뚜레쥬르 성화중앙점,제과점영업,서원구,성화동
20210826,1,,충청북도 청주시 흥덕구 오송읍 연제리 643 오송보건의료행정타운,Tandem 베이크샵,제과점영업,흥덕구,오송읍
20200917,1,,충청북도 청주시 청원구 율량동 1974,이월케이크,제과점영업,청원구,율량동
20210713,1,,충청북도 청주시 흥덕구 복대동 288-124,시무룩,제과점영업,흥덕구,복대동
20210813,1,,충청북도 청주시 흥덕구 복대동 3380 현대백화점,애플베리(Apple Berry),제과점영업,흥덕구,복대동
20210809,1,,충청북도 청주시 청원구 우암동 261-154,해쌀나비,제과점영업,청원구,우암동
20210823,1,,충청북도 청주시 청원구 오창읍 양청리 750-2 스마트원룸텔 103호,모노케이크,제과점영업,청원구,오창읍
20210727,1,,충청북도 청주시 청원구 오창읍 양청리 733-9,잇츠베이글,제과점영업,청원구,오창읍
20210506,1,,충청북도 청주시 상당구 수동 81-35,팔봉제과,제과점영업,상당구,수동
20210506,1,,충청북도 청주시 청원구 내수읍 입상리 79-9,이마트24 청주공항점,제과점영업,청원구,내수읍
20210623,1,,충청북도 청주시 상당구 용암동 2322,행복한날엔,제과점영업,상당구,용암동
20210503,1,,충청북도 청주시 서원구 수곡동 661 1층,에제르케이크전문점,제과점영업,서원구,수곡동
20210512,1,,충청북도 청주시 상당구 방서동 646-204,파리바게뜨청주동남우미린점,제과점영업,상당구,방서동
20210629,1,,충청북도 청주시 상당구 용담동 449 주1동 101호,듀레베이커리청주점,제과점영업,상당구,용담동
20210514,1,,충청북도 청주시 흥덕구 옥산면 가락리 981 청주리버파크자이,오버 더 레인보우 베이킹 스튜디오,제과점영업,흥덕구,옥산면
20110121,1,,충청북도 청주시 흥덕구 가경동 1451-1번지 (1층),파리바게뜨터미널점,제과점영업,흥덕구,가경동
20160512,1,,충청북도 청주시 청원구 율량동 2026번지,마미브레드,제과점영업,청원구,율량동
20180910,1,,충청북도 청주시 흥덕구 복대동 497-13,마블스퀘어,제과점영업,흥덕구,복대동
20200916,1,,충청북도 청주시 흥덕구 복대동 3380 현대백화점,팥고당(현대충청점),제과점영업,흥덕구,복대동
20130708,1,,충청북도 청주시 흥덕구 복대동 3404 청주지웰시티푸르지오,아뮤즈(AMUSE),제과점영업,흥덕구,복대동
20200925,1,,충청북도 청주시 청원구 내수읍 입상리 79-9 청주국제공항,파리바게트 청주공항점,제과점영업,청원구,내수읍
20201016,1,,충청북도 청주시 청원구 오창읍 창리 99-5,좋은아침페스츄리오창점,제과점영업,청원구,오창읍
20201020,1,,충청북도 청주시 청원구 내수읍 원통리 132,파리바게뜨 청주공군비행단점,제과점영업,청원구,내수읍
20201028,1,,충청북도 청주시 청원구 율량동 1026-5,베이커리블루메(Bakery Blume),제과점영업,청원구,율량동
20201027,1,,충청북도 청주시 흥덕구 화계동 196,파리바게뜨 청주다농엘(L)마트점,제과점영업,흥덕구,화계동
20201105,1,,충청북도 청주시 상당구 지북동 396 1층,브리스브레드,제과점영업,상당구,지북동
20201113,1,,충청북도 청주시 흥덕구 석곡동 10-2,타임,제과점영업,흥덕구,석곡동
20210311,1,,충청북도 청주시 상당구 금천동 187-21,미쓰홍당무,제과점영업,상당구,금천동
20210303,1,,충청북도 청주시 흥덕구 송절동 692,컴히어(Come here),제과점영업,흥덕구,송절동
20210303,1,,충청북도 청주시 흥덕구 가경동 1704 파워플러스,호노레드베이커리,제과점영업,흥덕구,가경동
20190410,1,,충청북도 청주시 상당구 북문로2가 77-1,크렘제이에이치,제과점영업,상당구,북문로2가
20210305,1,,충청북도 청주시 청원구 율량동 981,뚜레쥬르율량점,제과점영업,청원구,율량동
20210302,1,,충청북도 청주시 상당구 용암동 1801,덕의제과,제과점영업,상당구,용암동
20210215,1,,충청북도 청주시 흥덕구 강내면 월곡리 432 강내두진하트리움,다다팝,제과점영업,흥덕구,강내면
20210209,1,,충청북도 청주시 서원구 사창동 238-1 1층,칼미아(Kalmia),제과점영업,서원구,사창동
20210222,1,,충청북도 청주시 흥덕구 비하동 687-6,뚜레쥬르(서청주파크자이점),제과점영업,흥덕구,비하동
20210322,1,,충청북도 청주시 청원구 내덕동 857 청주힐즈파크푸르지오 104호,빵집바루,제과점영업,청원구,내덕동
20210330,1,,충청북도 청주시 상당구 금천동 229,보시엘드,제과점영업,상당구,금천동
20210402,1,,충청북도 청주시 상당구 용암동 2634 롯데마트,델리스베이커리,제과점영업,상당구,용암동
20210402,1,,충청북도 청주시 청원구 율량동 90-2,에디스베이커리카페,제과점영업,청원구,율량동
20210420,1,,충청북도 청주시 흥덕구 가경동 2011,"알오알오케이크(R,oro cake)",제과점영업,흥덕구,가경동
20181024,1,,충청북도 청주시 흥덕구 송절동 813번지,파리바게뜨테크노폴리스점,제과점영업,흥덕구,송절동
20181030,1,,충청북도 청주시 상당구 방서동 255-7번지 방서중흥에스클래스 상가142동,파리바게뜨청주방서점,제과점영업,상당구,방서동
20000831,1,,충청북도 청주시 상당구 방서동 118번지,파리바게뜨청주하나로클럽점,제과점영업,상당구,방서동
20170522,1,,충청북도 청주시 흥덕구 강내면 월곡리 299-7번지 외 6필지,강내농협베이커리,제과점영업,흥덕구,강내면
19990512,1,,충청북도 청주시 서원구 개신동 12번지 충북대학교 학생과(1층),파리바게트충북대,제과점영업,서원구,개신동
19900820,1,,충청북도 청주시 흥덕구 복대동 849-2번지 1층,파리바게뜨공단오거리점,제과점영업,흥덕구,복대동
19940825,1,,충청북도 청주시 흥덕구 운천동 677-5번지 (1층),파리바게뜨운천점,제과점영업,흥덕구,운천동
20010917,1,,충청북도 청주시 흥덕구 옥산면 오산리 536-1번지,빵굽는마을,제과점영업,흥덕구,옥산면
20170608,1,,충청북도 청주시 청원구 우암동 337-4번지,빵×빵연구소,제과점영업,청원구,우암동
20170619,1,,충청북도 청주시 청원구 율량동 2179번지,율량제과,제과점영업,청원구,율량동
20170621,1,,"충청북도 청주시 청원구 오창읍 양청리 820 홈플러스오창점,지하1층",몽블랑제오창점,제과점영업,청원구,오창읍
20170621,1,,충청북도 청주시 흥덕구 비하동 811 롯데아울렛 청주점,바누아투 롯데아울렛점,제과점영업,흥덕구,비하동
20170621,1,,충청북도 청주시 흥덕구 강서동 462,언네임드(UNNAMED),제과점영업,흥덕구,강서동
20170622,1,,충청북도 청주시 흥덕구 가경동 1217번지 1층,뚜레쥬르 가경점,제과점영업,흥덕구,가경동
20020912,1,,충청북도 청주시 서원구 개신동 625 (1층),파리바게트 개신2호,제과점영업,서원구,개신동
20170807,1,,충청북도 청주시 흥덕구 복대동 3380번지,마듀현대백화점충청점,제과점영업,흥덕구,복대동
20171025,1,,"충청북도 청주시 서원구 성화동 965번지 , 1층",시월애(愛)케이크,제과점영업,서원구,성화동
20171030,1,,충청북도 청주시 흥덕구 오송읍 연제리 722번지 모아 미래도 프라자,식빵이 맛있는 집 네모(오송점),제과점영업,흥덕구,오송읍
20030317,1,,"충청북도 청주시 상당구 용암동 2627번지 (106호,107호)",파리바게뜨청주용암롯데점,제과점영업,상당구,용암동
20171114,1,,충청북도 청주시 청원구 율량동 2217번지,본정(율량점),제과점영업,청원구,율량동
20171215,1,,충청북도 청주시 청원구 율량동 741번지 1층,제제마카롱,제과점영업,청원구,율량동
20180226,1,,충청북도 청주시 흥덕구 복대동 288-115번지,브래드브로,제과점영업,흥덕구,복대동
20180501,1,,충청북도 청주시 서원구 산남동 1120번지 (1층) 101호,브레드홈(BREAD HOME),제과점영업,서원구,산남동
20180510,1,,충청북도 청주시 청원구 주성동 352,식빵이맛있는집네모율량점,제과점영업,청원구,주성동
20180514,1,,충청북도 청주시 흥덕구 봉명동 1125번지,꽃송아리,제과점영업,흥덕구,봉명동
20180529,1,,충청북도 청주시 서원구 모충동 231번지 서원대학교 비전관(지하1층),서원대학교 학교기업사업단 서원식품센터(몽뺑),제과점영업,서원구,모충동
20180619,1,,충청북도 청주시 상당구 대성동 5번지 상가동 105호,애플베리,제과점영업,상당구,대성동
20180703,1,,충청북도 청주시 상당구 북문로1가 89-2번지 1층,애플베리(Apple Berry),제과점영업,상당구,북문로1가
20180731,1,,충청북도 청주시 청원구 주중동 131-6번지,수제빵연구소,제과점영업,청원구,주중동
20030529,1,,"충청북도 청주시 상당구 금천동 312번지 장자마을 부영아파트 상가동 103,104호",파리바게뜨 금천부영점,제과점영업,상당구,금천동
20030712,1,,충청북도 청주시 흥덕구 운천동 550번지 홈훼밀리마트내(1층),파리베이커리,제과점영업,흥덕구,운천동
20010519,1,,충청북도 청주시 서원구 사직동 265-29번지 (1층),파리바게뜨 사직위브,제과점영업,서원구,사직동
20140808,1,,충청북도 청주시 흥덕구 비하동 350-3번지 1층,청주떡집 떡미당,제과점영업,흥덕구,비하동
20140826,1,,충청북도 청주시 청원구 내수읍 마산리 146-3번지 1층,1004베이커리,제과점영업,청원구,내수읍
20140901,1,,충청북도 청주시 청원구 오창읍 각리 649-9번지 1층,좋은아침오창점,제과점영업,청원구,오창읍
20141010,1,,충청북도 청주시 상당구 영동 105-4 1층,가토주니,제과점영업,상당구,영동
20141014,1,,충청북도 청주시 서원구 수곡동 777번지 한마음1차아파트 상가1동 202호,블링제이플라워케이크,제과점영업,서원구,수곡동
20151117,1,,충청북도 청주시 흥덕구 봉명동 1603-5번지 상가 1층 3호,로뎀베이커리,제과점영업,흥덕구,봉명동
20160120,1,,충청북도 청주시 서원구 사창동 149-3번지,본정 초콜릿 카페 본점,제과점영업,서원구,사창동
20160128,1,,충청북도 청주시 청원구 율량동 1299번지 외1필지 102호,파리바게뜨청주사천점,제과점영업,청원구,율량동
19990812,1,,"충청북도 청주시 서원구 분평동 1249번지 현대대우아파트(1층) 상가1동 101,102호",파리바게뜨분평점1,제과점영업,서원구,분평동
19990821,1,,충청북도 청주시 흥덕구 복대동 2471번지 1층,파리바게뜨,제과점영업,흥덕구,복대동
20000524,1,,"충청북도 청주시 서원구 분평동 1360-1번지 (101,102,103호)",파리바게뜨청주원평점,제과점영업,서원구,분평동
20000719,1,,충청북도 청주시 서원구 수곡동 909,청주산남 파리바게뜨,제과점영업,서원구,수곡동
20000814,1,,충청북도 청주시 흥덕구 가경동 1182,파리바게뜨,제과점영업,흥덕구,가경동
20001028,1,,충청북도 청주시 청원구 우암동 337-2번지,빵마을,제과점영업,청원구,우암동
20001219,1,,충청북도 청주시 흥덕구 봉명동 189-1번지,쁘띠 르뽀미에,제과점영업,흥덕구,봉명동
20120801,1,,충청북도 청주시 흥덕구 복대동 3380 현대백화점충청점(지하1층),본정케익초콜릿,제과점영업,흥덕구,복대동
20120802,1,,충청북도 청주시 흥덕구 복대동 3380번지 현대백화점충청점(지하1층),그래인스,제과점영업,흥덕구,복대동
20120802,1,,충청북도 청주시 흥덕구 복대동 3380번지 현대백화점충청점(지하1층),앤티앤스(프레즐),제과점영업,흥덕구,복대동
20120806,1,,충청북도 청주시 흥덕구 복대동 3380번지 현대백화점충청점(지하2층),(주)현대그린푸드 카페베즐리익스프레스,제과점영업,흥덕구,복대동
20120905,1,,충청북도 청주시 상당구 용암동 2086번지 효성아파트 상가동 1층 10호,선물같은오늘(용암점),제과점영업,상당구,용암동
20121008,1,,"충청북도 청주시 서원구 산남동 500번지 코코타워 1층 103호, 104호",좋은아침 산남점,제과점영업,서원구,산남동
20000217,1,,충청북도 청주시 서원구 분평동 1366-1번지 (1층),꾸쉬꾸떼과자점,제과점영업,서원구,분평동
20121018,1,,충청북도 청주시 흥덕구 복대동 2572번지 (1층),선물같은오늘,제과점영업,흥덕구,복대동
20121019,1,,"충청북도 청주시 서원구 수곡동 1001번지 세원청실아파트상가1동(1층) 101-4,101-5호",뚜레쥬르청주수곡사거리점,제과점영업,서원구,수곡동
20121031,1,,충청북도 청주시 흥덕구 비하동 811 외 2필지 롯데마트서청주점 내(1층),베이커리팩토리 서청주점,제과점영업,흥덕구,비하동
20161226,1,,충청북도 청주시 흥덕구 오송읍 만수리 529번지,경화베이커리,제과점영업,흥덕구,오송읍
20161226,1,,"충청북도 청주시 서원구 남이면 가마리 385 , 1층",뚜레쥬르청주가마지구점,제과점영업,서원구,남이면
20170113,1,,충청북도 청주시 서원구 미평동 123-1 이.마트 지하3층,(주)신세계푸드 E.Bakery(이베이커리) 청주점 1,제과점영업,서원구,미평동
20170120,1,,충청북도 청주시 청원구 오창읍 주성리 581,브레드99베이커리,제과점영업,청원구,오창읍
20170215,1,,충청북도 청주시 흥덕구 비하동 309-1번지 101호,선물같은오늘(비하점),제과점영업,흥덕구,비하동
20170306,1,,충청북도 청주시 흥덕구 봉명동 2030번지,좋은아침,제과점영업,흥덕구,봉명동
20170309,1,,충청북도 청주시 상당구 용정동 1190번지 1층,제과점446℉(Bakery446℉),제과점영업,상당구,용정동
19760221,1,,충청북도 청주시 상당구 서문동 166-3번지,서문우동,제과점영업,상당구,서문동
19960703,1,,충청북도 청주시 청원구 우암동 323-1번지,파리바게뜨,제과점영업,청원구,우암동
20120330,1,,충청북도 청주시 청원구 율량동 500-3 라마다지하1층,몽블랑제(주)동청주점행사매대2,제과점영업,청원구,율량동
20120416,1,,충청북도 청주시 상당구 금천동 102-10번지 라파빌딩 1층,뚜레쥬르 금천뉴타운점,제과점영업,상당구,금천동
20120508,1,,충청북도 청주시 흥덕구 복대동 909-11번지 (1층),쁘띠앙쥬,제과점영업,흥덕구,복대동
20120523,1,,충청북도 청주시 청원구 오창읍 양청리 820,몽블랑제3점행사매대,제과점영업,청원구,오창읍
20160427,1,,충청북도 청주시 흥덕구 강서동 481번지 101호일부,빵장수 단팥빵 청주점,제과점영업,흥덕구,강서동
20170410,1,,충청북도 청주시 흥덕구 복대동 3380번지 현대백화점충청점 지하1층,슈엣,제과점영업,흥덕구,복대동
20170417,1,,충청북도 청주시 상당구 용담동 396번지 1층 104호,프레티올라,제과점영업,상당구,용담동
20170421,1,,충청북도 청주시 흥덕구 오송읍 오송리 149-3 225필지 3층 맞이방,미스터베이커리 오송역점,제과점영업,흥덕구,오송읍
20170427,1,,"충청북도 청주시 청원구 오창읍 각리 648-5번지 1층,승정빌딩 102호",못난이꽈배기오창점,제과점영업,청원구,오창읍
20070410,1,,충청북도 청주시 서원구 모충동 499-4번지 외 2필지(1층),우리베이커리,제과점영업,서원구,모충동
19850401,1,,충청북도 청주시 상당구 남문로2가 20-2,뚜레쥬르청주남문점,제과점영업,상당구,남문로2가
19860630,1,,충청북도 청주시 서원구 사직동 231-21번지,맥아당제과,제과점영업,서원구,사직동
20090409,1,,충청북도 청주시 상당구 용담동 402번지 (1층),뚜레쥬르금천장자점,제과점영업,상당구,용담동
20090424,1,,충청북도 청주시 서원구 사창동 155-10 (1~2층),파리바게뜨 충대중문점,제과점영업,서원구,사창동
19970807,1,,충청북도 청주시 흥덕구 가경동 1516번지,파리바게뜨(가경2호점),제과점영업,흥덕구,가경동
19980430,1,,충청북도 청주시 흥덕구 가경동 181-1번지,청주가경2호 뚜레쥬르,제과점영업,흥덕구,가경동
19980629,1,,충청북도 청주시 서원구 미평동 123-1 이.마트 지하3층,(주)신세계푸드 E.Bakery(이베이커리)청주점,제과점영업,서원구,미평동
19981128,1,,충청북도 청주시 서원구 사창동 302-4번지,뚜레쥬르청주흥덕(3)점,제과점영업,서원구,사창동
20160503,1,,충청북도 청주시 서원구 사창동 316-62 1층,보키네빵집,제과점영업,서원구,사창동
20160719,1,,충청북도 청주시 흥덕구 오송읍 연제리 713,좋은아침 오송점,제과점영업,흥덕구,오송읍
20160801,1,,충청북도 청주시 서원구 성화동 619번지 성화주공2단지아파트 주출입구 상가동 105호,PAO(파오),제과점영업,서원구,성화동
20160804,1,,충청북도 청주시 서원구 현도면 선동리 284-7 죽암휴게소 1층,계룡산업(주)죽암(하)휴게소-꽈배기,제과점영업,서원구,현도면
20160812,1,,충청북도 청주시 흥덕구 가경동 1685번지 외 4필지,선물같은오늘(가경점),제과점영업,흥덕구,가경동
20160822,1,,충청북도 청주시 서원구 모충동 230-36번지 1층,뚜레쥬르 청주서원대점,제과점영업,서원구,모충동
20160922,1,,충청북도 청주시 청원구 오창읍 송대리 337번지,하나로베이커리,제과점영업,청원구,오창읍
20161024,1,,충청북도 청주시 청원구 율량동 1977,떡 꽃닮,제과점영업,청원구,율량동
20161110,1,,충청북도 청주시 청원구 율량동 2133번지,세화플라워케이크,제과점영업,청원구,율량동
20070430,1,,충청북도 청주시 서원구 산남동 685,뚜레쥬르산남점,제과점영업,서원구,산남동
20070620,1,,"충청북도 청주시 서원구 산남동 503번지 외 1필지(103, 104호)",파리바게트산남계룡점,제과점영업,서원구,산남동
20070813,1,,"충청북도 청주시 서원구 산남동 496번지 ,495번지 렉슬2 105호",뚜레쥬르(산남계룡점),제과점영업,서원구,산남동
20080408,1,,충청북도 청주시 청원구 내수읍 마산리 168-1,파리바게뜨충북내수점,제과점영업,청원구,내수읍
20090810,1,,충청북도 청주시 흥덕구 복대동 3318번지 (1층),뚜레쥬르청주복대어울림점,제과점영업,흥덕구,복대동
20090814,1,,충청북도 청주시 흥덕구 봉명동 461-1번지 (1층),파리바게뜨신봉점,제과점영업,흥덕구,봉명동
20090820,1,,충청북도 청주시 청원구 내덕동 291-4번지,파리바게뜨 청주국립현대미술관점,제과점영업,청원구,내덕동
20090910,1,,충청북도 청주시 상당구 용암동 1596번지 1층,뚜레쥬르용암현대점(2),제과점영업,상당구,용암동
20091007,1,,충청북도 청주시 서원구 산남동 492번지 농협하나로마트 내,하나로 베이커리,제과점영업,서원구,산남동
19980414,1,,충청북도 청주시 흥덕구 봉명동 1610-1번지,봉명파리바게뜨,제과점영업,흥덕구,봉명동
20110408,1,,충청북도 청주시 서원구 수곡동 31-2번지 (1층),지희베이커리,제과점영업,서원구,수곡동
20110412,1,,충청북도 청주시 서원구 산남동 690번지 원흥빌딩,파리바게뜨산남대원점,제과점영업,서원구,산남동
20110513,1,,충청북도 청주시 흥덕구 가경동 1696 홈플러스청주점(1층),몽블랑제청주1호점,제과점영업,흥덕구,가경동
20110517,1,,충청북도 청주시 서원구 산남동 496번지 산남렉슬Ⅱ(303호일부),뚜레쥬르산남계룡점(2),제과점영업,서원구,산남동
20110620,1,,충청북도 청주시 상당구 석교동 126-137번지 (1층),바로구운 빵,제과점영업,상당구,석교동
20110826,1,,충청북도 청주시 청원구 오창읍 양청리 820 홈플러스 지하 1층,몽블랑제2점행사매대,제과점영업,청원구,오창읍
20111109,1,,충청북도 청주시 상당구 용암동 2076번지,베이커리하우스,제과점영업,상당구,용암동
20111117,1,,충청북도 청주시 흥덕구 가경동 1556번지 (1층),뚜레쥬르 가경주공점1,제과점영업,흥덕구,가경동
20111117,1,,충청북도 청주시 흥덕구 가경동 1556번지 (1층),뚜레쥬르 가경주공점2,제과점영업,흥덕구,가경동
20111125,1,,충청북도 청주시 서원구 분평동 1249번지 현대대우아파트 상가1동 112호,파리바게뜨분평점2,제과점영업,서원구,분평동
20121123,1,,충청북도 청주시 서원구 사창동 422 (1층),뚜레쥬르 충대중문점,제과점영업,서원구,사창동
20121128,1,,충청북도 청주시 서원구 사창동 422번지 (4층),뚜레쥬르충북대중문점(4층),제과점영업,서원구,사창동
20121206,1,,충청북도 청주시 청원구 율량동 1292번지 (신라@상가101호),떡담청주율량점,제과점영업,청원구,율량동
20121218,1,,충청북도 청주시 상당구 용암동 2338번지 (1층),파리바게트(청주용암덕일),제과점영업,상당구,용암동
20130117,1,,충청북도 청주시 서원구 분평동 1226번지 대상탑존 본동 105호,미코베이커리,제과점영업,서원구,분평동
19920820,1,,충청북도 청주시 흥덕구 복대동 1039번지,고려베이커리,제과점영업,흥덕구,복대동
19941205,1,,충청북도 청주시 상당구 용암동 2064번지 세원한아름아파트 상가1동 123호,뚜레쥬르,제과점영업,상당구,용암동
19950421,1,,충청북도 청주시 상당구 북문로2가 116-42,동네수제빵집,제과점영업,상당구,북문로2가
20110720,1,,충청북도 청주시 흥덕구 복대동 2491번지 (1층),팡스팡스,제과점영업,흥덕구,복대동
20110816,1,,충청북도 청주시 청원구 율량동 500-3 (지하1층),몽블랑제(주)동청주점행사매대1,제과점영업,청원구,율량동
20150127,1,,충청북도 청주시 청원구 내덕동 23-13번지 1~2층,프레티올라,제과점영업,청원구,내덕동
20150127,1,,충청북도 청주시 청원구 내덕동 656-37번지 1층,한아름베이커리,제과점영업,청원구,내덕동
20150130,1,,충청북도 청주시 청원구 율량동 1479,스위트빈,제과점영업,청원구,율량동
20150223,1,,"충청북도 청주시 흥덕구 복대동 545-1번지 ,1층, 2층(라온빌딩A동101,201호)",좋은아침베이커리,제과점영업,흥덕구,복대동
20150319,1,,충청북도 청주시 서원구 사직동 936번지,그래동 베이커리 카페,제과점영업,서원구,사직동
20150323,1,,충청북도 청주시 청원구 주성동 337번지 대원칸타빌3차아파트상가110호,뚜레쥬르율량칸타빌점,제과점영업,청원구,주성동
20150515,1,,충청북도 청주시 청원구 율량동 1282번지,케익하우스,제과점영업,청원구,율량동
20150527,1,,충청북도 청주시 흥덕구 가경동 1328번지,캉파뉴,제과점영업,흥덕구,가경동
20111208,1,,충청북도 청주시 상당구 미원면 미원리 438-5번지,D마트 베이커리,제과점영업,상당구,미원면
20120125,1,,충청북도 청주시 서원구 성화동 898번지 외1필지(1층),파리바게뜨성화2호점,제과점영업,서원구,성화동
20120201,1,,충청북도 청주시 흥덕구 가경동 1696 (1층),몽블랑제청주2호점,제과점영업,흥덕구,가경동
20120201,1,,"충청북도 청주시 청원구 내수읍 마산리 197-170번지 제과점,의원",뚜레쥬르청원내수점,제과점영업,청원구,내수읍
20150930,1,,충청북도 청주시 청원구 율량동 2321번지,파리바게뜨율량2지구점,제과점영업,청원구,율량동
20151014,1,,충청북도 청주시 상당구 북문로2가 74-1번지 1층 109호,자매상회,제과점영업,상당구,북문로2가
20151020,1,,충청북도 청주시 청원구 율량동 2319번지 102호,뚜레쥬르 율량제일점,제과점영업,청원구,율량동
20151020,1,,"충청북도 청주시 청원구 오창읍 주성리 582번지 103,104,105호",파리바게뜨 신오창점,제과점영업,청원구,오창읍
20151027,1,,충청북도 청주시 상당구 남일면 쌍수리 31번지 공군사관학교 1층,파리바게트공군사관학교점,제과점영업,상당구,남일면
20040419,1,,충청북도 청주시 상당구 용암동 2086번지 (1층 12호),파리바게뜨용암효성점,제과점영업,상당구,용암동
20040612,1,,충청북도 청주시 흥덕구 가경동 1696 홈플러스청주가경점(1층),몽블랑제청주점,제과점영업,흥덕구,가경동
20041022,1,,충청북도 청주시 상당구 탑동 48번지,호미베이커리,제과점영업,상당구,탑동
19941026,1,,"충청북도 청주시 서원구 개신동 447-36 한사랑아파트 1층1-3,1-4호",파리바게뜨개신점,제과점영업,서원구,개신동
20100617,1,,충청북도 청주시 흥덕구 강내면 탑연리 171-3번지,파리바게트 청주강내점,제과점영업,흥덕구,강내면
20100625,1,,충청북도 청주시 상당구 남일면 효촌리 251-1번지,빵이 가득한 집,제과점영업,상당구,남일면
19960322,1,,충청북도 청주시 서원구 수곡동 852번지,프랑시앙바게뜨,제과점영업,서원구,수곡동
20101216,1,,충청북도 청주시 흥덕구 오송읍 연제리 715 오송프라자 107호,파리바게뜨오송점,제과점영업,흥덕구,오송읍
20150710,1,,"충청북도 청주시 상당구 금천동 115-1번지 수정아파트103동상가,1층(102호일부)",오븐스토리,제과점영업,상당구,금천동
20150727,1,,충청북도 청주시 청원구 오창읍 주성리 616번지,뚜레쥬르 오창산업단지점,제과점영업,청원구,오창읍
20150804,1,,충청북도 청주시 서원구 분평동 1387번지 호인센트럴존스포츠센타(농협하나로클럽 내) 101호,빵굽는마미갸또,제과점영업,서원구,분평동
20050415,1,,충청북도 청주시 흥덕구 봉명동 2703 (1층),파리바게뜨 청주IP,제과점영업,흥덕구,봉명동
20100719,1,,충청북도 청주시 흥덕구 옥산면 오산리 538-1,파리바게뜨청원옥산점,제과점영업,흥덕구,옥산면
20100722,1,,충청북도 청주시 흥덕구 신봉동 146-7 1층,충북재활원보호작업장,제과점영업,흥덕구,신봉동
20100805,1,,충청북도 청주시 흥덕구 복대동 1000번지 (1층),파리바게뜨(청주가경시장점),제과점영업,흥덕구,복대동
20100920,1,,충청북도 청주시 흥덕구 복대동 299-1,파리바게뜨 청주복대점,제과점영업,흥덕구,복대동
20101029,1,,충청북도 청주시 흥덕구 오송읍 연제리 722 모아미래도프라자,몽블랑제오송점,제과점영업,흥덕구,오송읍
20101116,1,,충청북도 청주시 청원구 오창읍 창리 46-1번지,파리바게뜨청원오창점,제과점영업,청원구,오창읍
20140217,1,,충청북도 청주시 청원구 주중동 589-5번지 1층,뚜레쥬르청주성모병원점,제과점영업,청원구,주중동
20110112,1,,충청북도 청주시 서원구 수곡동 331번지 (1층),파리바게뜨산남주공점,제과점영업,서원구,수곡동
20110118,1,,"충청북도 청주시 청원구 사천동 413-8 2층,지상인접",파리바게뜨청주사천2호점,제과점영업,청원구,사천동
20110119,1,,충청북도 청주시 서원구 산남동 501 (1층),빚은청주산남점,제과점영업,서원구,산남동
20110121,1,,"충청북도 청주시 흥덕구 복대동 3379번지 신영지웰시티(101,102호)",파리바게뜨복대지웰점,제과점영업,흥덕구,복대동
20110211,1,,충청북도 청주시 흥덕구 복대동 309-2번지 (1층),바누아투과자점,제과점영업,흥덕구,복대동
20110225,1,,충청북도 청주시 흥덕구 오송읍 만수리 524번지 백천빌딩 103.104호,뚜레쥬르충북오송점,제과점영업,흥덕구,오송읍
20110228,1,,"충청북도 청주시 서원구 분평동 1258번지 분평동은사우나(101호, 102호)",뚜레쥬르,제과점영업,서원구,분평동
20110304,1,,충청북도 청주시 흥덕구 가경동 1449 10호동 (1층),던킨도너츠 청주터미널점,제과점영업,흥덕구,가경동
20110321,1,,충청북도 청주시 서원구 산남동 661번지 인템프라자(105호),코코호두(산남점),제과점영업,서원구,산남동
20140721,1,,충청북도 청주시 청원구 율량동 873-7 1층,르뽀미에청주율량점,제과점영업,청원구,율량동
20140725,1,,충청북도 청주시 상당구 북문로1가 7-1번지 2층,라플란드(Lapland),제과점영업,상당구,북문로1가
20140304,1,,충청북도 청주시 흥덕구 봉명동 2690번지 (1층),뚜레쥬르봉명점,제과점영업,흥덕구,봉명동
20140307,1,,충청북도 청주시 서원구 성화동 449번지 (1층),좋은아침(성화점),제과점영업,서원구,성화동
20140317,1,,충청북도 청주시 서원구 모충동 445-16번지 102호,착한빵집,제과점영업,서원구,모충동
20140331,1,,충청북도 청주시 흥덕구 복대동 162-1번지 새롬메디 103호(1층),뚜레쥬르청주공단오거리점,제과점영업,흥덕구,복대동
20140408,1,,충청북도 청주시 청원구 내덕동 423번지 (1층),브레드하임,제과점영업,청원구,내덕동
20140411,1,,충청북도 청주시 청원구 사천동 446-9번지 1층,김태환베이커리,제과점영업,청원구,사천동
20140416,1,,충청북도 청주시 상당구 금천동 288 1층,홈플러스(주)베이커리,제과점영업,상당구,금천동
20140421,1,,충청북도 청주시 상당구 용암동 1634번지 1층,파리바게뜨청주용암현대점,제과점영업,상당구,용암동
20140428,1,,충청북도 청주시 상당구 북문로1가 15-2번지 1층,좋은아침,제과점영업,상당구,북문로1가
20140508,1,,충청북도 청주시 흥덕구 복대동 288-124번지 LK트리플렉스 A동 113호 (1층),뚜레쥬르청주지웰시티점,제과점영업,흥덕구,복대동
20140513,1,,충청북도 청주시 청원구 주중동 1063 1층,좋은아침율량점,제과점영업,청원구,주중동
20140717,1,,충청북도 청주시 서원구 분평동 1368번지 호인리더스빌딩 109호,동짓날(좋은아침),제과점영업,서원구,분평동
20050607,1,,"충청북도 청주시 서원구 사창동 154-6번지 (1,2층)",빽다방 충북대중문점,제과점영업,서원구,사창동
20080603,1,,충청북도 청주시 흥덕구 비하동 824 서청주파크자이 303동 B125호,파리바게트(청주비하점),제과점영업,흥덕구,비하동
20080716,1,,충청북도 청주시 상당구 금천동 199-2번지 (1층-107호),파리바게뜨(청주금천점),제과점영업,상당구,금천동
20051202,1,,충청북도 청주시 상당구 문화동 118번지 문화동 센트럴칸타빌 상가동 127호,떡보의하루,제과점영업,상당구,문화동
20060125,1,,충청북도 청주시 서원구 개신동 632번지 (1층),뚜레쥬르개신주공점,제과점영업,서원구,개신동
20060125,1,,"충청북도 청주시 흥덕구 가경동 1685번지 외 4필지,106호",파리바게트가경대우점,제과점영업,흥덕구,가경동
20080723,1,,충청북도 청주시 서원구 성화동 439 1층 (104호),파리바게트(성화점),제과점영업,서원구,성화동
20081103,1,,충청북도 청주시 서원구 사창동 255-5번지,명인당본점 천안전통호두과자,제과점영업,서원구,사창동
20081127,1,,충청북도 청주시 흥덕구 가경동 1986번지 (지상1층),뚜레쥬르강서점,제과점영업,흥덕구,가경동
20081215,1,,충청북도 청주시 흥덕구 가경동 1987 (1층),파리바게뜨청주강서점,제과점영업,흥덕구,가경동
20081226,1,,충청북도 청주시 상당구 서문동 157-14 (홈플러스내 지하2층),홈플러스(주)베이커리,제과점영업,상당구,서문동
20090210,1,,충청북도 청주시 상당구 금천동 113-7번지 1층 1동,파리바게뜨금천뉴타운,제과점영업,상당구,금천동
19901205,1,,충청북도 청주시 흥덕구 복대동 992번지,베이커리스쿨,제과점영업,흥덕구,복대동
19910207,1,,충청북도 청주시 서원구 분평동 246-26번지,파리바게뜨분평우성점,제과점영업,서원구,분평동
19920117,1,,충청북도 청주시 서원구 개신동 442-3번지,뚜레쥬르청주개신1호점,제과점영업,서원구,개신동
19920312,1,,충청북도 청주시 청원구 율량동 902,파리바게뜨 율량점,제과점영업,청원구,율량동
20091214,1,,충청북도 청주시 상당구 북문로2가 50-7번지 (1층),파리바게뜨북문점,제과점영업,상당구,북문로2가
20100210,1,,"충청북도 청주시 상당구 용암동 2099번지 건영아파트 상가 118,119,120호(1층)",파리바게뜨용암건영,제과점영업,상당구,용암동
20100420,1,,충청북도 청주시 서원구 분평동 1380번지 (1층),파리바게뜨분평행복점,제과점영업,서원구,분평동
20100428,1,,충청북도 청주시 흥덕구 비하동 755 (1층),뚜레쥬르비하계룡점,제과점영업,흥덕구,비하동
20100617,1,,"충청북도 청주시 서원구 사직동 929번지 3공구 상가 114, 115호",파리바게뜨사직캐슬점,제과점영업,서원구,사직동
20130731,1,,충청북도 청주시 상당구 용정동 1136번지 1층,뚜레쥬르 청주용정점,제과점영업,상당구,용정동
20130814,1,,충청북도 청주시 서원구 분평동 1369번지 1층,떡담 청주분평점,제과점영업,서원구,분평동
20130902,1,,충청북도 청주시 상당구 용담동 397번지 (1층),좋은아침(금천점),제과점영업,상당구,용담동
20130910,1,,충청북도 청주시 청원구 오창읍 양청리 819-1번지 엔젤알파 102호,기분좋은날,제과점영업,청원구,오창읍
20060320,1,,충청북도 청주시 흥덕구 봉명동 2476번지,빵쟁이네,제과점영업,흥덕구,봉명동
20131114,1,,충청북도 청주시 청원구 주중동 율량2택지개발지구번지 30블로 1로트 1층,파리바게뜨 청주율량타운,제과점영업,청원구,주중동
20140213,1,,충청북도 청주시 청원구 주성동 율량2택지개발지구번지 31블록 1로트 1층,파리바게뜨청주율량칸타빌점,제과점영업,청원구,주성동
20060508,1,,충청북도 청주시 청원구 사천동 413-3번지 105호,뚜레쥬르 청주사천점,제과점영업,청원구,사천동
20060509,1,,충청북도 청주시 청원구 율량동 500-3,몽블랑제(주)동청주점,제과점영업,청원구,율량동
20060511,1,,충청북도 청주시 청원구 오창읍 각리 651-1번지,그린하우스,제과점영업,청원구,오창읍
20060602,1,,충청북도 청주시 청원구 오창읍 각리 637-1번지,뚜레쥬르 오창한라점,제과점영업,청원구,오창읍
20060609,1,,충청북도 청주시 청원구 오창읍 각리 647-1번지,파리바케트오창쌍용점,제과점영업,청원구,오창읍
20060906,1,,충청북도 청주시 청원구 오창읍 각리 637-6번지,파리바게트오창중앙점,제과점영업,청원구,오창읍
20061002,1,,충청북도 청주시 서원구 모충동 122-20번지 (1층),파리바게트모충점,제과점영업,서원구,모충동
20061204,1,,충청북도 청주시 상당구 용암동 2600번지 (1층),뚜레쥬르용암부영점,제과점영업,상당구,용암동
19760303,1,,충청북도 청주시 흥덕구 복대동 50-12번지,케익 작업실. 슈가크래프트,제과점영업,흥덕구,복대동
20181017,1,,충청북도 청주시 상당구 용정동 1151번지 1층,파리바게뜨청주용정점,제과점영업,상당구,용정동
20181119,1,,충청북도 청주시 상당구 방서동 247-9번지 청주센트럴자이 상가1동,뚜레쥬르(청주방서점),제과점영업,상당구,방서동
20181218,1,,충청북도 청주시 청원구 오창읍 양청리 810-2번지 오창 롯데캐슬 더 하이스트,파리바게뜨오창롯데캐슬,제과점영업,청원구,오창읍
20201210,1,,충청북도 청주시 흥덕구 가경동 2051,봄내음,제과점영업,흥덕구,가경동
20201216,1,,충청북도 청주시 흥덕구 가경동 1449,뚜레쥬르 청주터미널점2,제과점영업,흥덕구,가경동
20201216,1,,충청북도 청주시 흥덕구 가경동 1449,뚜레쥬르 청주터미널점,제과점영업,흥덕구,가경동
20201202,1,,충청북도 청주시 서원구 남이면 척북리 74-12 1층,포블리스빵공방,제과점영업,서원구,남이면
20201222,1,,충청북도 청주시 흥덕구 봉명동 980-3,해피투유(happy to you),제과점영업,흥덕구,봉명동
20210104,1,,충청북도 청주시 흥덕구 가경동 644-5,파리바게뜨 서현홍골지구점,제과점영업,흥덕구,가경동
20201124,1,,충청북도 청주시 흥덕구 가경동 383-7,그린브라우니 가경점,제과점영업,흥덕구,가경동
20201229,1,,충청북도 청주시 서원구 현도면 선동리 284-7 죽암(하)휴게소 1층,경주제과 죽암(부산)휴게소점,제과점영업,서원구,현도면
20201218,1,,충청북도 청주시 상당구 방서동 644-8,방서동디저트,제과점영업,상당구,방서동
20190128,2,20190227.0,충청북도 청주시 흥덕구 가경동 1488-2번지,머거보라,제과점영업,흥덕구,가경동
20190328,2,20200819.0,충청북도 청주시 상당구 방서동 653 방서중흥에스클래스 상가 142동 111호,정성용빠네떼리아,제과점영업,상당구,방서동
20190409,2,20200310.0,충청북도 청주시 흥덕구 오송읍 만수리 527번지 오송농협,빵굽는마을,제과점영업,흥덕구,오송읍
20190424,2,20210331.0,충청북도 청주시 상당구 북문로2가 116-40 1층,팔구빵집,제과점영업,상당구,북문로2가
20190926,2,20190930.0,충청북도 청주시 흥덕구 복대동 3380번지 현대백화점,베즐리,제과점영업,흥덕구,복대동
20190829,2,20201201.0,충청북도 청주시 상당구 북문로2가 74-1 1층 106호,퐁당케이크,제과점영업,상당구,북문로2가
20190807,2,20200810.0,충청북도 청주시 흥덕구 복대동 3380 현대백화점,파티세리 몽슈슈,제과점영업,흥덕구,복대동
20190725,2,20190729.0,충청북도 청주시 흥덕구 복대동 3380번지 현대백화점 지하1층,베즐리,제과점영업,흥덕구,복대동
20190627,2,20190701.0,충청북도 청주시 흥덕구 복대동 3380번지 현대백화점,베즐리,제과점영업,흥덕구,복대동
20190813,2,20200622.0,충청북도 청주시 청원구 오창읍 창리 96 107호,플레이스38 오창점,제과점영업,청원구,오창읍
20191112,2,20210824.0,충청북도 청주시 흥덕구 복대동 2371,빵굽는집,제과점영업,흥덕구,복대동
20200103,2,20200106.0,충청북도 청주시 흥덕구 복대동 3380번지 현대백화점,로티서울,제과점영업,흥덕구,복대동
20200116,2,20200120.0,충청북도 청주시 흥덕구 복대동 3380번지 현대백화점,베즐리,제과점영업,흥덕구,복대동
20200310,2,20200316.0,충청북도 청주시 흥덕구 복대동 3380번지 현대백화점,흥흥,제과점영업,흥덕구,복대동
20200220,2,20200224.0,충청북도 청주시 흥덕구 복대동 3380번지 현대백화점,베즐리,제과점영업,흥덕구,복대동
20200120,2,20210615.0,충청북도 청주시 흥덕구 비하동 688-2,소복빵집,제과점영업,흥덕구,비하동
20200521,2,20210702.0,충청북도 청주시 청원구 주중동 184,미로제과점,제과점영업,청원구,주중동
20200521,2,20200525.0,충청북도 청주시 흥덕구 복대동 3380번지 현대백화점,베즐리 청주,제과점영업,흥덕구,복대동
20200511,2,20210830.0,충청북도 청주시 흥덕구 복대동 1174,매일베이커리하우스,제과점영업,흥덕구,복대동
20200722,2,20210715.0,충청북도 청주시 청원구 오창읍 양청리 818-5 대운프라자,좋은제과,제과점영업,청원구,오창읍
20200820,2,20200918.0,충청북도 청주시 청원구 내수읍 입상리 79-9 청주국제공항,파리바게트 청주공항점,제과점영업,청원구,내수읍
20210506,2,20210513.0,충청북도 청주시 흥덕구 복대동 3380 현대백화점,애플베리,제과점영업,흥덕구,복대동
20210604,2,20210817.0,충청북도 청주시 상당구 방서동 646-207,루빵공장(ROOFTOP BREAD FACTORY),제과점영업,상당구,방서동
20210621,2,20210704.0,충청북도 청주시 흥덕구 복대동 3380 현대백화점,나정빵집,제과점영업,흥덕구,복대동
20180928,2,20191216.0,충청북도 청주시 흥덕구 복대동 495-6번지,팡조우(브레드조우),제과점영업,흥덕구,복대동
20121107,2,20180907.0,충청북도 청주시 서원구 개신동 443번지 (두진백로아파트 상가동 101동 103호),바로구운 빵,제과점영업,서원구,개신동
20200917,2,20210826.0,충청북도 청주시 흥덕구 봉명동 1481,쿠키유,제과점영업,흥덕구,봉명동
20200915,2,20210416.0,충청북도 청주시 서원구 산남동 564 1층,청주당 베이커리,제과점영업,서원구,산남동
20201020,2,20210616.0,충청북도 청주시 청원구 주성동 359,미로제과점,제과점영업,청원구,주성동
20201029,2,20201124.0,충청북도 청주시 흥덕구 가경동 383-7,그린브라우니 가경점,제과점영업,흥덕구,가경동
20061208,2,20180406.0,충청북도 청주시 상당구 남문로1가 145-5번지 (1층),육거리제과,제과점영업,상당구,남문로1가
19991028,2,20080711.0,충청북도 청주시 서원구 사창동 446-2번지,성심푸드몰,제과점영업,서원구,사창동
19870626,2,20011130.0,충청북도 청주시 서원구 사직동 644-27번지,뉴태극당,제과점영업,서원구,사직동
20090917,2,20111216.0,충청북도 청주시 상당구 용담동 378번지 올림피아1층104호,블루리본팩토리,제과점영업,상당구,용담동
20101028,2,20170531.0,충청북도 청주시 상당구 용암동 1592-2번지 (1층),홈플러스익스프레스용암점,제과점영업,상당구,용암동
20010531,2,20140801.0,충청북도 청주시 서원구 분평동 1226번지 외 1필지 103호(1층),던킨도너츠분평점,제과점영업,서원구,분평동
19950727,2,20051220.0,충청북도 청주시 청원구 율량동 1044번지,푸른밀베이커리,제과점영업,청원구,율량동
19971001,2,20110427.0,충청북도 청주시 흥덕구 복대동 221-7번지,박황규베이커리,제과점영업,흥덕구,복대동
20110718,2,20140421.0,충청북도 청주시 서원구 산남동 707번지 (1층),좋은빵만들기,제과점영업,서원구,산남동
20011024,2,20061026.0,충청북도 청주시 흥덕구 복대동 2591번지,그랑프리베이커리,제과점영업,흥덕구,복대동
20011120,2,20090401.0,충청북도 청주시 상당구 금천동 115-3번지,빠라디베이커리,제과점영업,상당구,금천동
20011130,2,20060516.0,충청북도 청주시 상당구 금천동 115-72번지,나눔베이커리,제과점영업,상당구,금천동
20011211,2,20130204.0,충청북도 청주시 청원구 내덕동 656-7번지,브로뜨과자점,제과점영업,청원구,내덕동
20011212,2,20110223.0,충청북도 청주시 흥덕구 복대동 3072번지 (1층),케잌속의 사랑,제과점영업,흥덕구,복대동
20011213,2,20090630.0,충청북도 청주시 서원구 분평동 1261-2번지 주공4단지상가103호,하얀풍차,제과점영업,서원구,분평동
20020125,2,20020125.0,충청북도 청주시 흥덕구 복대동 2053번지,이딸리아베이커리,제과점영업,흥덕구,복대동
20020219,2,20071121.0,충청북도 청주시 청원구 율량동 1166번지,파리베이커리,제과점영업,청원구,율량동
20020220,2,20040326.0,충청북도 청주시 서원구 분평동 1255번지 (1층),고려당,제과점영업,서원구,분평동
20020502,2,20030811.0,충청북도 청주시 흥덕구 복대동 872-2번지 (1층),오씨엘,제과점영업,흥덕구,복대동
20020503,2,20190402.0,충청북도 청주시 청원구 율량동 1242번지 (1층),소풍베이커리,제과점영업,청원구,율량동
20020504,2,20080422.0,충청북도 청주시 서원구 모충동 248-31번지 (1층),소보로군과 슈크림양,제과점영업,서원구,모충동
20020510,2,20161221.0,충청북도 청주시 상당구 금천동 229번지,따삐오,제과점영업,상당구,금천동
20020524,2,20070405.0,충청북도 청주시 서원구 개신동 611번지 레몬타워101호,빵가마과자점,제과점영업,서원구,개신동
20020529,2,20050517.0,충청북도 청주시 흥덕구 복대동 2053번지 (1층),밀탑베이커리,제과점영업,흥덕구,복대동
20020530,2,20040225.0,충청북도 청주시 서원구 사창동 413-1번지 (1층),프렌치키스아이스크림,제과점영업,서원구,사창동
20020615,2,20041231.0,충청북도 청주시 서원구 분평동 1385번지 (1층),무나키샬레,제과점영업,서원구,분평동
20020720,2,20081120.0,충청북도 청주시 상당구 문의면 미천리 153-19번지,수아제과,제과점영업,상당구,문의면
20020820,2,20070326.0,충청북도 청주시 서원구 사창동 363-15번지 (1층),빵마을,제과점영업,서원구,사창동
20020827,2,20060320.0,충청북도 청주시 서원구 분평동 1258번지 (1층) 5호,크라운베이커리(분평점),제과점영업,서원구,분평동
20020830,2,20070913.0,충청북도 청주시 상당구 용암동 2634번지,(주)크라운베이커리,제과점영업,상당구,용암동
20020903,2,20100615.0,충청북도 청주시 흥덕구 복대동 3034번지 삼일A상가 111호,브리앙뜨베이커리,제과점영업,흥덕구,복대동
20170623,2,20180716.0,충청북도 청주시 상당구 석교동 126-23번지,코코브레드,제과점영업,상당구,석교동
20170710,2,20200908.0,"충청북도 청주시 서원구 죽림동 326 , 일진빌 1층",봄브레드(Bom Bread),제과점영업,서원구,죽림동
20170801,2,20190729.0,충청북도 청주시 흥덕구 복대동 3380번지 현대백화점 충청점,봄눈슬듯,제과점영업,흥덕구,복대동
20170807,2,20200701.0,충청북도 청주시 상당구 북문로1가 111,퐁드깜바뉴,제과점영업,상당구,북문로1가
20170904,2,20180702.0,충청북도 청주시 상당구 미원면 미원리 428-19번지 1층,미원제과,제과점영업,상당구,미원면
20170918,2,20210219.0,충청북도 청주시 청원구 내수읍 마산리 181-6 1층(그린프라자),박종은베이커리,제과점영업,청원구,내수읍
20170926,2,20171011.0,충청북도 청주시 흥덕구 복대동 3380번지,매그놀리아코리아 충청점,제과점영업,흥덕구,복대동
20171017,2,20181106.0,충청북도 청주시 흥덕구 봉명동 1631번지,기녀밀 애(愛),제과점영업,흥덕구,봉명동
20171113,2,20201008.0,충청북도 청주시 청원구 오창읍 창리 99-5,좋은아침페스츄리오창점,제과점영업,청원구,오창읍
20021022,2,20080225.0,충청북도 청주시 흥덕구 봉명동 1331번지 (1층),브레첼베이커리,제과점영업,흥덕구,봉명동
20021126,2,20160615.0,충청북도 청주시 흥덕구 복대동 1111번지 (1층),시장베이커리,제과점영업,흥덕구,복대동
20021127,2,20030515.0,충청북도 청주시 서원구 개신동 616번지 (1층),윌베이커리,제과점영업,서원구,개신동
20021204,2,20070501.0,충청북도 청주시 상당구 금천동 287번지 튼튼타워 101호,크라운베이커리금천점,제과점영업,상당구,금천동
20021217,2,20090831.0,충청북도 청주시 상당구 용암동 2360번지 퓨전상가 104호,조코조코베이커리,제과점영업,상당구,용암동
20030116,2,20050825.0,충청북도 청주시 흥덕구 가경동 1515번지 덕일한마음상가 제14동104호105호,빵빵한베이커리,제과점영업,흥덕구,가경동
20030128,2,20140818.0,충청북도 청주시 청원구 내수읍 마산리 146-3번지,1004베이커리,제과점영업,청원구,내수읍
20030227,2,20030325.0,충청북도 청주시 흥덕구 봉명동 189-1번지 (1층),한미식품,제과점영업,흥덕구,봉명동
20030227,2,20030325.0,충청북도 청주시 서원구 수곡동 904번지 (1층),한미식품,제과점영업,서원구,수곡동
20030324,2,20050923.0,충청북도 청주시 상당구 남문로2가 9-13번지,뚜레쥬르 청주남문점,제과점영업,상당구,남문로2가
20171121,2,20200102.0,충청북도 청주시 서원구 성화동 440번지,제이더블유브레드(J.W.BrEAd),제과점영업,서원구,성화동
20180123,2,20200210.0,충청북도 청주시 흥덕구 옥산면 오산리 243-1번지,디유(D.U),제과점영업,흥덕구,옥산면
20180124,2,20190101.0,"충청북도 청주시 서원구 개신동 691번지 , 갤러리타워 1층 110호",식빵이맛있는집네모(개신점),제과점영업,서원구,개신동
20180213,2,20210219.0,충청북도 청주시 흥덕구 복대동 993 덕일아파트상가 아,매일식빵,제과점영업,흥덕구,복대동
20180403,2,20200730.0,충청북도 청주시 청원구 내덕동 402-22,카페롤&브레드대부,제과점영업,청원구,내덕동
20180516,2,20181022.0,충청북도 청주시 청원구 율량동 1878번지,카페롤&브레드대부,제과점영업,청원구,율량동
20180706,2,20200609.0,충청북도 청주시 상당구 북문로2가 80-4번지 외1필지,국향제과,제과점영업,상당구,북문로2가
20180803,2,20210317.0,충청북도 청주시 청원구 율량동 872,모퉁이제과점,제과점영업,청원구,율량동
20030414,2,20140103.0,충청북도 청주시 서원구 분평동 1202-1번지 (1층),가또쇼콜라(분평점),제과점영업,서원구,분평동
20030414,2,20061128.0,충청북도 청주시 흥덕구 운천동 1122번지 (1층),빵이야기,제과점영업,흥덕구,운천동
20030509,2,20060609.0,충청북도 청주시 흥덕구 가경동 1416-2번지 (1층)102호,던킨도넛츠,제과점영업,흥덕구,가경동
20030516,2,20110419.0,충청북도 청주시 서원구 분평동 1387번지 (1층),우리밀제과,제과점영업,서원구,분평동
20030724,2,20071029.0,충청북도 청주시 서원구 개신동 629번지 (1층),케이크플러스,제과점영업,서원구,개신동
20030730,2,20070220.0,충청북도 청주시 서원구 사직동 265-36번지 1층,현대한식품,제과점영업,서원구,사직동
20030801,2,20130708.0,충청북도 청주시 상당구 용암동 2359번지,크라운베이커리 용암덕일점,제과점영업,상당구,용암동
20030806,2,20031105.0,충청북도 청주시 흥덕구 복대동 870-2번지 (1층),아이허생과일아이스크림,제과점영업,흥덕구,복대동
20030808,2,20111207.0,충청북도 청주시 상당구 금천동 228번지,뚜레쥬르 청주금천점,제과점영업,상당구,금천동
20030825,2,20110506.0,충청북도 청주시 상당구 용암동 1488번지,우리밀식품,제과점영업,상당구,용암동
20030904,2,20170714.0,충청북도 청주시 흥덕구 가경동 1328번지 (1층),델리스제과,제과점영업,흥덕구,가경동
20030927,2,20060609.0,충청북도 청주시 흥덕구 복대동 2576번지 (1층),크라운베이커리하복대점,제과점영업,흥덕구,복대동
20031010,2,20031020.0,충청북도 청주시 서원구 사직동 755번지 (1층),빵빵한베이커리,제과점영업,서원구,사직동
20031014,2,20100114.0,충청북도 청주시 서원구 분평동 305-29번지 (1층),크라운베이커리우성점,제과점영업,서원구,분평동
20031024,2,20120419.0,충청북도 청주시 상당구 금천동 317번지 장자마을부영아파트상가 103호,쁘띠푸르,제과점영업,상당구,금천동
20031030,2,20051228.0,충청북도 청주시 상당구 남문로2가 72번지,케잌카페끌리앙,제과점영업,상당구,남문로2가
20031120,2,20051230.0,충청북도 청주시 상당구 용담동 171-5번지,샤르망베이커리,제과점영업,상당구,용담동
20031124,2,20070116.0,충청북도 청주시 상당구 남문로2가 1-2번지,우리밀베이커리,제과점영업,상당구,남문로2가
20031216,2,20140304.0,"충청북도 청주시 상당구 용암동 2542번지 중흥마을 부영아파트상가 지하101호,1층102호",크레시앙 베이커리,제과점영업,상당구,용암동
20031217,2,20080422.0,충청북도 청주시 흥덕구 복대동 1114번지 (1층),브로뜨빵,제과점영업,흥덕구,복대동
20031223,2,20051129.0,충청북도 청주시 청원구 율량동 1468번지,해피데이,제과점영업,청원구,율량동
20010321,2,20020927.0,충청북도 청주시 흥덕구 신봉동 528-3번지,크라운베이커리운천점,제과점영업,흥덕구,신봉동
20010327,2,20031008.0,충청북도 청주시 서원구 분평동 1226번지,떼르드글라스,제과점영업,서원구,분평동
20010416,2,20060102.0,충청북도 청주시 상당구 남문로2가 60번지,크라운베이커리,제과점영업,상당구,남문로2가
20010419,2,20111219.0,충청북도 청주시 청원구 오창읍 장대리 299-8번지,전형구베이커리,제과점영업,청원구,오창읍
20010424,2,20040421.0,충청북도 청주시 서원구 사직동 643-1번지,빵집이야기,제과점영업,서원구,사직동
20010509,2,20040528.0,충청북도 청주시 흥덕구 복대동 2459번지 두진상가 1층 104호,프랑시앙바게뜨,제과점영업,흥덕구,복대동
20010525,2,20040826.0,충청북도 청주시 서원구 분평동 1311번지,진미당,제과점영업,서원구,분평동
20010628,2,20080213.0,충청북도 청주시 서원구 사창동 156-7번지,던킨도너츠사창점,제과점영업,서원구,사창동
20010718,2,20121015.0,충청북도 청주시 청원구 내덕동 423번지,코스모베이커리,제과점영업,청원구,내덕동
20010829,2,20030326.0,충청북도 청주시 서원구 수곡동 777번지 한마음A상가102,뤼데스하임,제과점영업,서원구,수곡동
20010912,2,20101202.0,충청북도 청주시 상당구 용암동 2082번지 소라아파트상가,빵굽는동네,제과점영업,상당구,용암동
20140731,2,20150304.0,충청북도 청주시 청원구 오창읍 양청리 737-17번지 101호,봄눈케이크,제과점영업,청원구,오창읍
20140818,2,20150811.0,충청북도 청주시 흥덕구 복대동 3380번지 현대백화점충청점 지하1층,바누아투과자점,제과점영업,흥덕구,복대동
20140822,2,20191206.0,충청북도 청주시 서원구 사직동 262-14번지 (1층),YUNI'S cake(유니스케이크),제과점영업,서원구,사직동
20140912,2,20190705.0,충청북도 청주시 흥덕구 가경동 1555번지 (1층),좋은아침(가경점),제과점영업,흥덕구,가경동
20141014,2,20201103.0,충청북도 청주시 청원구 율량동 871 1층,보미제과,제과점영업,청원구,율량동
20141128,2,20151106.0,충청북도 청주시 서원구 산남동 1085번지 1층,끌리앙스베이커리,제과점영업,서원구,산남동
20141128,2,20160711.0,충청북도 청주시 상당구 남문로2가 1-2번지 외2필지 롯데쇼핑(주)청주영프라자(6층) 1동,앤티앤스,제과점영업,상당구,남문로2가
20141217,2,20201229.0,충청북도 청주시 서원구 수곡동 850 (1층),꼬마식빵,제과점영업,서원구,수곡동
20141226,2,20191106.0,충청북도 청주시 서원구 사창동 263-5번지 (1층),김관식빵집,제과점영업,서원구,사창동
20141229,2,20180813.0,충청북도 청주시 흥덕구 강서동 475번지 1층 104호,유니크(unique),제과점영업,흥덕구,강서동
20151105,2,20190801.0,충청북도 청주시 흥덕구 봉명동 492-3번지,푸름이네 떡케이크.과일모찌,제과점영업,흥덕구,봉명동
20151112,2,20210324.0,"충청북도 청주시 청원구 내수읍 입상리 79-9 청주국제공항, 2층",파리바게뜨 청주공항점,제과점영업,청원구,내수읍
20151116,2,20170125.0,충청북도 청주시 서원구 사직동 640-40번지 1층,몽's 베이커리,제과점영업,서원구,사직동
20160229,2,20180208.0,충청북도 청주시 상당구 수동 401-7번지 1층,따끈따끈베이커리,제과점영업,상당구,수동
20160321,2,20191231.0,충청북도 청주시 상당구 용암동 1902번지 1층,올리브의달콤베이킹,제과점영업,상당구,용암동
20160329,2,20161007.0,충청북도 청주시 서원구 사창동 257-12번지,오븐스토리,제과점영업,서원구,사창동
20160425,2,20170303.0,충청북도 청주시 서원구 성화동 751번지 (1층),고로케공장,제과점영업,서원구,성화동
19990714,2,20060102.0,충청북도 청주시 상당구 북문로1가 70-1번지,우리밀베이커리,제과점영업,상당구,북문로1가
19990728,2,20090210.0,충청북도 청주시 흥덕구 가경동 1416-2번지,빵굽는작은마을,제과점영업,흥덕구,가경동
19990729,2,20021008.0,충청북도 청주시 서원구 수곡동 863번지,베테랑베이커리,제과점영업,서원구,수곡동
19990826,2,20180122.0,"충청북도 청주시 상당구 북문로1가 68-17번지 (1,2층)",본정초콜릿(주)청주,제과점영업,상당구,북문로1가
19990927,2,20060116.0,충청북도 청주시 상당구 용암동 1842번지,동화속의케잌,제과점영업,상당구,용암동
19990930,2,20121205.0,충청북도 청주시 흥덕구 복대동 2456번지 영조아름다운나날 상가 104호,김태환베이커리,제과점영업,흥덕구,복대동
19991001,2,20010914.0,충청북도 청주시 흥덕구 신봉동 159번지 삼성아파트 상가 104동,임지수베이커리,제과점영업,흥덕구,신봉동
20000502,2,20060127.0,충청북도 청주시 상당구 북문로1가 67-5번지,꿀꺽베이커리,제과점영업,상당구,북문로1가
20000513,2,20070329.0,충청북도 청주시 상당구 금천동 115-23번지,그린하우스,제과점영업,상당구,금천동
20000602,2,20060125.0,충청북도 청주시 흥덕구 강서동 33-7번지 우정상가109호,디스모아,제과점영업,흥덕구,강서동
20000608,2,20080422.0,충청북도 청주시 서원구 사창동 261-4번지,파이루스베이커리,제과점영업,서원구,사창동
20000609,2,20120926.0,충청북도 청주시 청원구 내수읍 마산리 156-7번지,코스모베이커리,제과점영업,청원구,내수읍
20000627,2,20030401.0,충청북도 청주시 흥덕구 가경동 1502-9번지,맥문당,제과점영업,흥덕구,가경동
20000707,2,20020102.0,충청북도 청주시 서원구 사직동 235-9번지,씽킹빅베이커리,제과점영업,서원구,사직동
20000719,2,20090316.0,충청북도 청주시 청원구 내수읍 내수리 200-3번지 삼일아파트상가101호,에씨이베이커리,제과점영업,청원구,내수읍
20000727,2,20030725.0,충청북도 청주시 서원구 수곡동 893번지,썬월드,제과점영업,서원구,수곡동
20000918,2,20051230.0,충청북도 청주시 상당구 용암동 2060번지 부영아파트 상가 111호,빠띠사보아용암점,제과점영업,상당구,용암동
20000921,2,20020614.0,충청북도 청주시 흥덕구 가경동 1511번지,퐁네프베이커리,제과점영업,흥덕구,가경동
20001012,2,20160224.0,충청북도 청주시 흥덕구 강내면 탑연리 279-6번지,금관베이커리,제과점영업,흥덕구,강내면
20001107,2,20080422.0,충청북도 청주시 서원구 분평동 1255번지 대원아파트 상가 102호,크라운베이커리,제과점영업,서원구,분평동
20001219,2,20030214.0,충청북도 청주시 흥덕구 복대동 95-15번지,빵바라기,제과점영업,흥덕구,복대동
20001219,2,20050321.0,충청북도 청주시 서원구 개신동 635-1번지 주공아파트2단지내 103호,케익&브레드,제과점영업,서원구,개신동
20010223,2,20041215.0,충청북도 청주시 흥덕구 봉명동 1603-12번지 신라아파트 상가 아동 102호,라벨리아이스크림할인매장,제과점영업,흥덕구,봉명동
20010303,2,20061023.0,충청북도 청주시 흥덕구 오송읍 오송리 254번지,크로바베이커리,제과점영업,흥덕구,오송읍
20010310,2,20060405.0,충청북도 청주시 흥덕구 봉명동 2044번지 초원아파트 상가 105호,브로뜨과자점,제과점영업,흥덕구,봉명동
20120802,2,20121129.0,충청북도 청주시 흥덕구 복대동 3380번지 현대백화점충청점(지하1층),로하디,제과점영업,흥덕구,복대동
20120806,2,20160731.0,충청북도 청주시 흥덕구 복대동 3380번지 현대백화점충청점(지하1층),(주)현대그린푸드 베즐리베이커리(충청점),제과점영업,흥덕구,복대동
20120814,2,20160726.0,충청북도 청주시 흥덕구 복대동 3380번지 현대백화점(지하1층),BTM(비티엠),제과점영업,흥덕구,복대동
20120814,2,20170504.0,충청북도 청주시 흥덕구 복대동 3380번지 현대백화점(지하1층),(주)기야마,제과점영업,흥덕구,복대동
20120823,2,20130410.0,충청북도 청주시 서원구 개신동 621번지 (1층),오븐스토리,제과점영업,서원구,개신동
20120928,2,20130121.0,충청북도 청주시 서원구 분평동 1226번지 대상탑존본동 116호(1층),Veri very(베리베리),제과점영업,서원구,분평동
19991006,2,20050607.0,충청북도 청주시 흥덕구 가경동 1510번지 세원상가 1층 108호,헨젤과그레텔,제과점영업,흥덕구,가경동
19991011,2,20020107.0,충청북도 청주시 흥덕구 복대동 242-2번지,금관베이커리,제과점영업,흥덕구,복대동
19991015,2,20070430.0,충청북도 청주시 상당구 대성동 5번지,사과나무과자점,제과점영업,상당구,대성동
19991028,2,20210506.0,충청북도 청주시 흥덕구 복대동 2462,뚜레쥬르하복대점,제과점영업,흥덕구,복대동
19991113,2,20070803.0,충청북도 청주시 서원구 사창동 285-12번지,밀알빵굽는마을,제과점영업,서원구,사창동
19991118,2,20200601.0,충청북도 청주시 서원구 분평동 1386-2번지 분평주공 7단지 아파트상가 101호,뚜레쥬르분평점,제과점영업,서원구,분평동
19991126,2,20171229.0,충청북도 청주시 흥덕구 봉명동 472번지,샤모니베이커리,제과점영업,흥덕구,봉명동
19991201,2,20191126.0,충청북도 청주시 흥덕구 옥산면 오산리 540-3번지 1층,이국용베이커리,제과점영업,흥덕구,옥산면
19991202,2,20060920.0,충청북도 청주시 서원구 사직동 602-22번지,버니도나스,제과점영업,서원구,사직동
20000216,2,20060321.0,충청북도 청주시 상당구 남문로1가 147번지,장원제빵,제과점영업,상당구,남문로1가
20000217,2,20090428.0,충청북도 청주시 청원구 내덕동 565-7번지,아담베이커리,제과점영업,청원구,내덕동
20000217,2,20020627.0,충청북도 청주시 서원구 모충동 119-8번지,세원밀타운,제과점영업,서원구,모충동
20000410,2,20030221.0,충청북도 청주시 흥덕구 운천동 577번지,브로뜨과자점,제과점영업,흥덕구,운천동
20120217,2,20190214.0,충청북도 청주시 청원구 오창읍 장대리 299-8번지,대농베이커리,제과점영업,청원구,오창읍
20120222,2,20120307.0,충청북도 청주시 서원구 미평동 123-1번지 (지하3층),(주)신세계에버세이브엔(와플),제과점영업,서원구,미평동
20120227,2,20200421.0,충청북도 청주시 흥덕구 오송읍 만수리 538번지 농협하나로마트내,데이빗파파,제과점영업,흥덕구,오송읍
20120227,2,20160420.0,충청북도 청주시 흥덕구 강내면 탑연리 280-1번지,따삐오농협강내점,제과점영업,흥덕구,강내면
20120327,2,20140424.0,충청북도 청주시 흥덕구 가경동 1209번지 (1층),바로구운빵,제과점영업,흥덕구,가경동
20000428,2,20071121.0,충청북도 청주시 서원구 사창동 148-3번지,크라운베이커리,제과점영업,서원구,사창동
20121102,2,20140812.0,충청북도 청주시 청원구 율량동 1283번지 (1층-108호),오븐스토리,제과점영업,청원구,율량동
20170208,2,20181228.0,충청북도 청주시 청원구 율량동 863번지 율량럭키아파트상가10동 105호,타이완대왕카스테라청주율량점,제과점영업,청원구,율량동
20170210,2,20210324.0,"충청북도 청주시 청원구 내수읍 입상리 88 청주국제공항,국내선,2층",파리바게트청주공항2호점,제과점영업,청원구,내수읍
20170303,2,20170303.0,충청북도 청주시 흥덕구 봉명동 2030번지,좋은아침,제과점영업,흥덕구,봉명동
20170327,2,20180102.0,충청북도 청주시 흥덕구 봉명동 1206-5번지 1층,달곰슈가,제과점영업,흥덕구,봉명동
19760303,2,20181226.0,충청북도 청주시 청원구 내덕동 166-9번지 (1층),"케익아카데미 보나뻬띠, 슈가크래프트",제과점영업,청원구,내덕동
19960718,2,20100126.0,충청북도 청주시 상당구 북문로2가 116-24번지,브로뜨과자점,제과점영업,상당구,북문로2가
20120327,2,20170314.0,충청북도 청주시 흥덕구 봉명동 461번지 (1층),애여니의 행복한 빵집,제과점영업,흥덕구,봉명동
20120405,2,20120426.0,충청북도 청주시 서원구 미평동 123-1번지 (지하3층),신세계에스브이엔,제과점영업,서원구,미평동
20120412,2,20180227.0,충청북도 청주시 흥덕구 복대동 2374번지 (1층),파리바게뜨 청주개신현대점,제과점영업,흥덕구,복대동
20120413,2,20190507.0,충청북도 청주시 청원구 율량동 883번지 롯데마트 내,브랑제리,제과점영업,청원구,율량동
20120413,2,20131029.0,충청북도 청주시 흥덕구 가경동 1493-3번지 (1층),Humming Sugar(허밍슈가),제과점영업,흥덕구,가경동
20120424,2,20140123.0,충청북도 청주시 흥덕구 복대동 3379번지 신영지웰시티1차상업시설 110호,따삐오베이커리,제과점영업,흥덕구,복대동
20120430,2,20120522.0,충청북도 청주시 상당구 북문로2가 116-264번지 1층,크레시앙베이커리,제과점영업,상당구,북문로2가
20120521,2,20180816.0,충청북도 청주시 상당구 서문동 157-14번지 지하2층,몽블랑제 청주성안점 행사매대,제과점영업,상당구,서문동
20120524,2,20120529.0,충청북도 청주시 상당구 북문로2가 116-264번지 1층,크레시앙베이커리,제과점영업,상당구,북문로2가
20160502,2,20160503.0,충청북도 청주시 상당구 북문로2가 79-7번지 1층,비올라,제과점영업,상당구,북문로2가
20170510,2,20170613.0,충청북도 청주시 흥덕구 가경동 1217번지 1층,뚜레쥬르 가경점,제과점영업,흥덕구,가경동
20170602,2,20170731.0,충청북도 청주시 흥덕구 복대동 3380번지,베떼엠(BTM),제과점영업,흥덕구,복대동
20070315,2,20110406.0,충청북도 청주시 서원구 수곡동 31-2번지 외 1필지(1층),쇼콜라떼,제과점영업,서원구,수곡동
20070410,2,20081216.0,충청북도 청주시 상당구 서문동 157-14번지 외27필지(지하2층),(주)이랜드월드 뺑드프랑스,제과점영업,상당구,서문동
20070412,2,20101207.0,충청북도 청주시 서원구 분평동 1385번지 (1층),보네스뻬,제과점영업,서원구,분평동
19760401,2,20011218.0,충청북도 청주시 서원구 사직동 265-18번지,대풍제과,제과점영업,서원구,사직동
19810331,2,20131031.0,충청북도 청주시 청원구 내덕동 194-3번지,크라운베리커리내덕점,제과점영업,청원구,내덕동
19830707,2,20131216.0,충청북도 청주시 상당구 남문로1가 59-3번지 (1층),오성당제과,제과점영업,상당구,남문로1가
19840510,2,20131029.0,충청북도 청주시 상당구 미원면 미원리 523번지,에덴베이커리,제과점영업,상당구,미원면
19841122,2,20021007.0,충청북도 청주시 서원구 사직동 820번지,동화다실,제과점영업,서원구,사직동
19850227,2,20051228.0,충청북도 청주시 청원구 내덕동 650-5번지,권베이커리,제과점영업,청원구,내덕동
19860122,2,20091109.0,충청북도 청주시 상당구 남문로1가 156-2번지,하얀풍차제과,제과점영업,상당구,남문로1가
19860201,2,20070828.0,충청북도 청주시 서원구 수곡동 79-7번지,무지개제과,제과점영업,서원구,수곡동
19860910,2,20160421.0,충청북도 청주시 서원구 수곡동 315번지 산남4단지 상가 105호,맘모스베이커리,제과점영업,서원구,수곡동
19861119,2,20020524.0,충청북도 청주시 흥덕구 복대동 633-2번지,궁전제과,제과점영업,흥덕구,복대동
19880326,2,20060127.0,충청북도 청주시 상당구 북문로3가 87-3번지,고려당청주북문로점,제과점영업,상당구,북문로3가
19881005,2,20091117.0,충청북도 청주시 청원구 내덕동 165번지,뚜레즈,제과점영업,청원구,내덕동
19881102,2,20051107.0,충청북도 청주시 흥덕구 봉명동 1795번지,델리베이커리,제과점영업,흥덕구,봉명동
20090409,2,20121023.0,충청북도 청주시 청원구 내수읍 학평리 150-7번지 내수농협종합청사 1동,하나로베이커리,제과점영업,청원구,내수읍
20090413,2,20090430.0,충청북도 청주시 청원구 율량동 912번지 (1층),뚜레쥬르율량중앙점,제과점영업,청원구,율량동
20090413,2,20170911.0,충청북도 청주시 서원구 산남동 498번지 외 1필지 리치피아빌딩 1층 (104호),레몬커피산남점,제과점영업,서원구,산남동
19960905,2,20031020.0,충청북도 청주시 흥덕구 운천동 677-1번지,샹달프과자점,제과점영업,흥덕구,운천동
19961022,2,20030711.0,충청북도 청주시 흥덕구 복대동 1169번지,르네상스베이커리,제과점영업,흥덕구,복대동
19961023,2,20110412.0,충청북도 청주시 서원구 모충동 375번지,빵굼터,제과점영업,서원구,모충동
19961119,2,20050131.0,충청북도 청주시 서원구 모충동 445-14번지,이딸리앙베이커리,제과점영업,서원구,모충동
19961213,2,20080116.0,충청북도 청주시 상당구 북문로1가 28번지,브레드하임,제과점영업,상당구,북문로1가
19970501,2,20021113.0,충청북도 청주시 서원구 사창동 303-2번지,빵사랑,제과점영업,서원구,사창동
19970510,2,20031120.0,충청북도 청주시 흥덕구 복대동 1140번지,크라운베이커리,제과점영업,흥덕구,복대동
19970604,2,20080408.0,충청북도 청주시 흥덕구 비하동 362-8번지,빈베이커리,제과점영업,흥덕구,비하동
19970607,2,20110712.0,충청북도 청주시 서원구 모충동 122-24번지 1층,뚜레쥬르(수곡점),제과점영업,서원구,모충동
19970702,2,20060127.0,충청북도 청주시 상당구 용암동 1110번지,월드베이커리,제과점영업,상당구,용암동
19970728,2,20110728.0,충청북도 청주시 상당구 영운동 151-5번지,브랑제리로제제과점,제과점영업,상당구,영운동
19970802,2,20030320.0,충청북도 청주시 서원구 분평동 1202-1번지,샤르망베이커리,제과점영업,서원구,분평동
19970825,2,20030324.0,충청북도 청주시 서원구 분평동 1200-1번지,정성용베이커리,제과점영업,서원구,분평동
19970919,2,20041231.0,충청북도 청주시 흥덕구 가경동 870번지,현베이커리,제과점영업,흥덕구,가경동
19971006,2,20100125.0,충청북도 청주시 흥덕구 가경동 1516번지 태암수정상가 1동 110호,피자프랑스베이커리,제과점영업,흥덕구,가경동
19971127,2,20031013.0,충청북도 청주시 서원구 분평동 305-29번지,크라운베이커리,제과점영업,서원구,분평동
19971205,2,20140721.0,충청북도 청주시 청원구 율량동 873-7번지,르뽀미에청주율량점,제과점영업,청원구,율량동
19971211,2,20091209.0,충청북도 청주시 청원구 내수읍 은곡리 301번지 덕일한마음상가115,힐튼베이커리,제과점영업,청원구,내수읍
19971216,2,20030325.0,충청북도 청주시 흥덕구 복대동 1633번지,케익하우스,제과점영업,흥덕구,복대동
19971230,2,20100511.0,충청북도 청주시 상당구 용암동 1667번지,파리바게뜨용암현대점,제과점영업,상당구,용암동
19980105,2,20060804.0,충청북도 청주시 흥덕구 복대동 865-2번지,고려당충북대점,제과점영업,흥덕구,복대동
19980310,2,20060102.0,충청북도 청주시 청원구 내덕동 572-2번지,코이코스베이커리,제과점영업,청원구,내덕동
19980514,2,20120529.0,충청북도 청주시 상당구 영운동 173-20번지,신라방베이커리,제과점영업,상당구,영운동
19980522,2,20190507.0,충청북도 청주시 청원구 율량동 883번지 (롯데마트내),브랑제리베이커리,제과점영업,청원구,율량동
19980723,2,20150501.0,충청북도 청주시 서원구 모충동 128-1번지,빵굼터(밀알),제과점영업,서원구,모충동
19980727,2,20051014.0,충청북도 청주시 상당구 북문로1가 117-2번지,크라운베이커리,제과점영업,상당구,북문로1가
19980813,2,20160630.0,충청북도 청주시 흥덕구 비하동 309-1번지,뚜레쥬르(청주비하점),제과점영업,흥덕구,비하동
19980819,2,20060102.0,충청북도 청주시 상당구 서문동 150-7번지,케익타운,제과점영업,상당구,서문동
19980826,2,20040806.0,충청북도 청주시 서원구 모충동 473번지,쟝글제과,제과점영업,서원구,모충동
19980908,2,20100122.0,충청북도 청주시 흥덕구 강내면 월곡리 301-3번지,충청샌드팜,제과점영업,흥덕구,강내면
19981016,2,20070927.0,충청북도 청주시 서원구 분평동 1350번지,휘난새베이커리,제과점영업,서원구,분평동
19981215,2,20060118.0,충청북도 청주시 흥덕구 강내면 월탄리 39-5번지,프레쉬베이커리,제과점영업,흥덕구,강내면
19990219,2,20040719.0,충청북도 청주시 서원구 수곡동 910번지,베이커리라벨리아이스크림전문할인점,제과점영업,서원구,수곡동
19990220,2,20060102.0,충청북도 청주시 청원구 율량동 1291번지,고려당,제과점영업,청원구,율량동
20160530,2,20160928.0,충청북도 청주시 흥덕구 가경동 1351번지 1층,바닐라슈가앤케익,제과점영업,흥덕구,가경동
20160720,2,20190626.0,충청북도 청주시 청원구 율량동 2107번지 1층,안셈,제과점영업,청원구,율량동
20160728,2,20160822.0,충청북도 청주시 서원구 모충동 230-36번지 (1층),뚜레쥬르(청주 서원대점),제과점영업,서원구,모충동
20160811,2,20180806.0,충청북도 청주시 흥덕구 복대동 3380번지 현대백화점충청점 지하1층,삼송빵집 현대백화점 충청점,제과점영업,흥덕구,복대동
20160817,2,20161116.0,충청북도 청주시 청원구 내덕동 293-1번지,한솔베이커리,제과점영업,청원구,내덕동
20161104,2,20181119.0,충청북도 청주시 흥덕구 복대동 1366번지,마마롤,제과점영업,흥덕구,복대동
20161226,2,20170612.0,충청북도 청주시 흥덕구 복대동 288-119번지 주건축물제1동 102호,대왕카스테라,제과점영업,흥덕구,복대동
20070601,2,20120413.0,충청북도 청주시 서원구 산남동 1094번지 부영@상가 2동 103호,크라운베이커리,제과점영업,서원구,산남동
20070604,2,20130228.0,충청북도 청주시 서원구 사창동 446번지 (1층),가토주니,제과점영업,서원구,사창동
20070621,2,20081209.0,충청북도 청주시 상당구 용암동 1674번지 (지하),빠리팡스과자점,제과점영업,상당구,용암동
20070913,2,20210401.0,충청북도 청주시 상당구 용암동 2634 (지하1층),델리스(상당점),제과점영업,상당구,용암동
20070920,2,20151215.0,충청북도 청주시 서원구 개신동 41-34번지 (1층),야무진손만두,제과점영업,서원구,개신동
20071012,2,20111208.0,충청북도 청주시 서원구 사창동 156-5번지 (1층),뚜레쥬르(충북대점),제과점영업,서원구,사창동
20071102,2,20150907.0,충청북도 청주시 서원구 산남동 659번지 센타프라자 109호,던킨도너츠,제과점영업,서원구,산남동
20071210,2,20110309.0,충청북도 청주시 서원구 산남동 661번지 인템프라자 101호,정항우케잌,제과점영업,서원구,산남동
20080104,2,20161110.0,충청북도 청주시 청원구 율량동 1166번지 (1층),포레베이커리,제과점영업,청원구,율량동
20080212,2,20110329.0,충청북도 청주시 서원구 수곡동 333번지 주공1단지 상가 가동 107호,카카오아일,제과점영업,서원구,수곡동
20080514,2,20170907.0,충청북도 청주시 상당구 용담동 361번지 (104호),자연드림용담점,제과점영업,상당구,용담동
20080519,2,20120808.0,충청북도 청주시 흥덕구 가경동 171-55번지 (1층),올리브베이커리,제과점영업,흥덕구,가경동
20090508,2,20100406.0,충청북도 청주시 흥덕구 가경동 1683번지 (1층) 110호,메리하트,제과점영업,흥덕구,가경동
20090608,2,20171204.0,충청북도 청주시 서원구 개신동 616번지,몽블랑제(MonBoulanger),제과점영업,서원구,개신동
20090702,2,20100401.0,충청북도 청주시 서원구 미평동 123-1번지 청주E마트(지하3층),(주)조선호텔베이커리데이앤데이청주점2,제과점영업,서원구,미평동
20090707,2,20120104.0,충청북도 청주시 흥덕구 복대동 993번지 덕일@마동 101호,GS25청주복대점,제과점영업,흥덕구,복대동
20090728,2,20170315.0,충청북도 청주시 상당구 북문로2가 116-65번지 1층,와타빈청주점,제과점영업,상당구,북문로2가
20090903,2,20160125.0,"충청북도 청주시 서원구 사창동 354번지 외 3필지, 해피플러스 내 (1층)",해피베이커리,제과점영업,서원구,사창동
20090918,2,20120104.0,충청북도 청주시 서원구 산남동 1070번지,바이미,제과점영업,서원구,산남동
20091022,2,20180118.0,충청북도 청주시 서원구 성화동 471번지 성화빌딩2 103호,뚜레쥬르성화(2),제과점영업,서원구,성화동
20091023,2,20161123.0,충청북도 청주시 흥덕구 가경동 793번지 (1층),뚜레쥬르가경신라점,제과점영업,흥덕구,가경동
20121105,2,20121119.0,충청북도 청주시 서원구 분평동 1240번지 라데팡스륀느관 (1층) 106호,아이쿱청주생협분평점,제과점영업,서원구,분평동
20121107,2,20141211.0,충청북도 청주시 서원구 사창동 262-14번지 (1층),준베이커리,제과점영업,서원구,사창동
20110321,2,20180409.0,충청북도 청주시 서원구 사창동 222-7번지 (11층),(주)좋은아침 베이커리,제과점영업,서원구,사창동
20110405,2,20110406.0,충청북도 청주시 서원구 산남동 689번지 (1층),파리바게뜨산남대원점,제과점영업,서원구,산남동
20110408,2,20110413.0,충청북도 청주시 흥덕구 가경동 1339번지 (1층),청주명문도너츠,제과점영업,흥덕구,가경동
20110408,2,20190520.0,"충청북도 청주시 서원구 분평동 1258번지 분평동은사우나(103호,104호)",파리바게뜨분평주은,제과점영업,서원구,분평동
20110414,2,20170823.0,충청북도 청주시 흥덕구 가경동 1699번지 외 1필지 104호,빚은청주가경점,제과점영업,흥덕구,가경동
20110414,2,20121227.0,충청북도 청주시 서원구 모충동 94-17번지 외 1필지 (1층),롱코니,제과점영업,서원구,모충동
20110415,2,20130131.0,충청북도 청주시 상당구 금천동 43번지 (1층),몽마,제과점영업,상당구,금천동
20110428,2,20120111.0,충청북도 청주시 서원구 개신동 12번지 외 49필지 충북대학교병원(1층),파리바게뜨충북대병원점,제과점영업,서원구,개신동
20110506,2,20150703.0,충청북도 청주시 서원구 분평동 1387번지 호인센트럴존스포츠센타(1층),따삐오베이커리농협분평점,제과점영업,서원구,분평동
20110705,2,20120405.0,충청북도 청주시 서원구 미평동 123-1번지 (지하2층),(주)조선호텔베이커리2,제과점영업,서원구,미평동
19990304,2,20151210.0,"충청북도 청주시 상당구 용암동 2099번지 건영아파트 상가 114,115호",뚜레쥬르용암점,제과점영업,상당구,용암동
19990317,2,20030328.0,충청북도 청주시 서원구 사창동 310-5번지,윤성동베이커리,제과점영업,서원구,사창동
19990420,2,20130902.0,충청북도 청주시 흥덕구 가경동 1449번지,(주)크라운베이커리청주시외버스터미널점,제과점영업,흥덕구,가경동
19990428,2,20090211.0,충청북도 청주시 서원구 수곡동 319번지,토마토베이커리,제과점영업,서원구,수곡동
19990428,2,20011115.0,충청북도 청주시 흥덕구 복대동 4-2번지,윌베이커리,제과점영업,흥덕구,복대동
19990430,2,20110405.0,충청북도 청주시 흥덕구 가경동 1416번지,뚜레쥬르제과점,제과점영업,흥덕구,가경동
19990621,2,20190510.0,충청북도 청주시 흥덕구 가경동 1416-2번지,보네스뻬(청주점),제과점영업,흥덕구,가경동
19990701,2,20030530.0,충청북도 청주시 흥덕구 복대동 3029번지,크라운베이커리,제과점영업,흥덕구,복대동
20110816,2,20120119.0,충청북도 청주시 상당구 금천동 47-11번지 (1층),쇼콜라떼,제과점영업,상당구,금천동
20110829,2,20180816.0,충청북도 청주시 상당구 서문동 157-14번지 (지하2층),몽블랑제 청주성안점2,제과점영업,상당구,서문동
20110916,2,20110923.0,충청북도 청주시 상당구 방서동 118번지 (1층),올굿쌀호두,제과점영업,상당구,방서동
20110922,2,20150730.0,충청북도 청주시 흥덕구 복대동 994번지 (1층),빵이대박,제과점영업,흥덕구,복대동
20110923,2,20120821.0,충청북도 청주시 서원구 사창동 354번지 (1층),해피데이베이커리,제과점영업,서원구,사창동
20111010,2,20120802.0,충청북도 청주시 청원구 오창읍 양청리 820번지,아름그린영농조합법인,제과점영업,청원구,오창읍
20121113,2,20170424.0,충청북도 청주시 흥덕구 가경동 1189번지 형석1차아파츠 상가 13동 105호(1층),요마시고로케,제과점영업,흥덕구,가경동
20121114,2,20130402.0,충청북도 청주시 상당구 영동 104-7번지 (1층),명문도너츠,제과점영업,상당구,영동
20121115,2,20141006.0,충청북도 청주시 청원구 율량동 912-2번지 (1층),빵박사,제과점영업,청원구,율량동
20121129,2,20140328.0,충청북도 청주시 상당구 용암동 1674번지 (지하1층),토정베이커리,제과점영업,상당구,용암동
20121129,2,20130603.0,충청북도 청주시 흥덕구 복대동 3380번지 (현대백화점 지하1층),(주)델리카슈,제과점영업,흥덕구,복대동
20121204,2,20201106.0,충청북도 청주시 서원구 분평동 1240 라데팡스륀느관(1층) 106호 일부,자연드림 분평점,제과점영업,서원구,분평동
20130121,2,20150223.0,충청북도 청주시 흥덕구 오송읍 연제리 712번지,우리밀베이커리,제과점영업,흥덕구,오송읍
20130222,2,20210201.0,충청북도 청주시 상당구 서문동 2-10 1~2층,파리바게뜨청주제일점,제과점영업,상당구,서문동
20130314,2,20170109.0,충청북도 청주시 서원구 미평동 123-1번지 (주)이마트청주점슈퍼 내 (지하3층),데이앤데이청주점2,제과점영업,서원구,미평동
20130419,2,20140924.0,충청북도 청주시 흥덕구 오송읍 오송리 275-27번지,천안당호두과자,제과점영업,흥덕구,오송읍
19921001,2,20011015.0,충청북도 청주시 흥덕구 봉명동 200-14번지,소쿠리제과점,제과점영업,흥덕구,봉명동
19921210,2,20151006.0,충청북도 청주시 흥덕구 신봉동 159번지,호두마을,제과점영업,흥덕구,신봉동
19930205,2,20061226.0,충청북도 청주시 흥덕구 가경동 1189번지,케익하우스조이,제과점영업,흥덕구,가경동
19930612,2,20080130.0,충청북도 청주시 서원구 사직동 644-9번지,신라명과사직점,제과점영업,서원구,사직동
19930806,2,20130409.0,충청북도 청주시 청원구 사천동 229-1번지,안데르센과자점,제과점영업,청원구,사천동
19930917,2,20120801.0,충청북도 청주시 흥덕구 가경동 798번지,신라명과,제과점영업,흥덕구,가경동
19941128,2,20151210.0,충청북도 청주시 청원구 율량동 1300번지 (1층),파리바게트청주사천점,제과점영업,청원구,율량동
19941230,2,20060905.0,충청북도 청주시 흥덕구 복대동 1130번지,무과수베이커리,제과점영업,흥덕구,복대동
19950123,2,20040219.0,충청북도 청주시 흥덕구 가경동 794번지,쌍띠베이커리,제과점영업,흥덕구,가경동
19950127,2,20170926.0,충청북도 청주시 상당구 금천동 97-22번지,케익나라제과점,제과점영업,상당구,금천동
19950224,2,20060102.0,충청북도 청주시 상당구 용암동 7132번지 소라상가 104호,뉴욕제과용암점,제과점영업,상당구,용암동
19950224,2,20050922.0,충청북도 청주시 흥덕구 봉명동 1603-12번지,브로뜨과자점,제과점영업,흥덕구,봉명동
19950421,2,20020425.0,충청북도 청주시 흥덕구 신봉동 170-8번지,진로베스토아신봉점,제과점영업,흥덕구,신봉동
19950519,2,20011017.0,충청북도 청주시 서원구 수곡동 1002번지,베이커리오성,제과점영업,서원구,수곡동
19950523,2,20040130.0,충청북도 청주시 흥덕구 봉명동 775-1번지,고려당봉명중앙점,제과점영업,흥덕구,봉명동
20110816,2,20111026.0,충청북도 청주시 청원구 율량동 1026-5번지 (1층),삼형제빵집,제과점영업,청원구,율량동
20150203,2,20160511.0,충청북도 청주시 청원구 율량동 863번지 10동107호,플라워떡케익하루,제과점영업,청원구,율량동
20150309,2,20160811.0,충청북도 청주시 흥덕구 가경동 2021번지 (1층),꽃담은시루,제과점영업,흥덕구,가경동
20150319,2,20180809.0,충청북도 청주시 청원구 오창읍 양청리 818-4번지 303호,가루플러스비,제과점영업,청원구,오창읍
20150320,2,20210503.0,충청북도 청주시 서원구 사직동 265-9,병운빵베이커리,제과점영업,서원구,사직동
20150506,2,20160516.0,충청북도 청주시 흥덕구 복대동 788-3번지 (1층),블라썸빈,제과점영업,흥덕구,복대동
20120102,2,20161221.0,충청북도 청주시 상당구 금천동 229번지 (1층),따삐오베이커리,제과점영업,상당구,금천동
20120130,2,20190311.0,충청북도 청주시 흥덕구 강서동 517번지 1층(106.107.108호),자연드림 강서점,제과점영업,흥덕구,강서동
20120201,2,20190610.0,충청북도 청주시 흥덕구 가경동 1696번지 1층,몽블랑제청주3호,제과점영업,흥덕구,가경동
20120215,2,20130304.0,충청북도 청주시 상당구 용암동 2360번지 (1층-102호),보네스뻬브레드청주용암점,제과점영업,상당구,용암동
20150907,2,20200416.0,충청북도 청주시 흥덕구 비하동 811번지 롯데아울렛청주점 1층,동짓날,제과점영업,흥덕구,비하동
20150916,2,20160725.0,충청북도 청주시 흥덕구 복대동 3380번지 현대백화점충청점 지하1층,맥아당(현대백화점충청점),제과점영업,흥덕구,복대동
20151016,2,20180702.0,충청북도 청주시 상당구 미원면 미원리 482번지 1층,미원제과,제과점영업,상당구,미원면
20040216,2,20050905.0,충청북도 청주시 흥덕구 가경동 1416-3번지 드림플러스 7014 7층,몽푸티 슈,제과점영업,흥덕구,가경동
20040304,2,20100513.0,충청북도 청주시 흥덕구 복대동 1140번지 1층,뚜레쥬르청주복대2호점,제과점영업,흥덕구,복대동
20040312,2,20040514.0,충청북도 청주시 흥덕구 복대동 2528번지 1층,굿베이커리,제과점영업,흥덕구,복대동
20040412,2,20040807.0,충청북도 청주시 서원구 수곡동 904번지 L.G슈퍼 (1층),(주)디엔비,제과점영업,서원구,수곡동
20040412,2,20141218.0,충청북도 청주시 흥덕구 운천동 677-1번지 진양@상가 1동 116호,뚜레쥬르청주운천점,제과점영업,흥덕구,운천동
20040416,2,20041015.0,충청북도 청주시 서원구 사창동 413-1번지 (1층),프렌치키스,제과점영업,서원구,사창동
20040507,2,20050620.0,충청북도 청주시 흥덕구 가경동 1416-3번지 드림플러스 6030호(6층),추억의도넛,제과점영업,흥덕구,가경동
20040524,2,20071220.0,충청북도 청주시 흥덕구 가경동 1514번지 삼일원앙@상가 (1층) 111동 111호,미담원,제과점영업,흥덕구,가경동
20040614,2,20070329.0,충청북도 청주시 흥덕구 가경동 1696번지 (1층),(주)리치스후드,제과점영업,흥덕구,가경동
20040616,2,20090107.0,충청북도 청주시 청원구 우암동 380-6번지,재미있는빵마을,제과점영업,청원구,우암동
20041018,2,20080114.0,충청북도 청주시 흥덕구 가경동 171-55번지 외 1필지 104호,크라운베이커리가경대원점,제과점영업,흥덕구,가경동
20041029,2,20091202.0,충청북도 청주시 청원구 율량동 1282번지,크라운베이커리사천점,제과점영업,청원구,율량동
20050119,2,20130418.0,충청북도 청주시 청원구 율량동 837-1번지,유한베이커리,제과점영업,청원구,율량동
20050120,2,20111025.0,충청북도 청주시 서원구 모충동 445-1번지 (지하1층),가또쇼콜라,제과점영업,서원구,모충동
19931008,2,20120228.0,충청북도 청주시 서원구 개신동 278-2번지 (1층),고려당,제과점영업,서원구,개신동
19931026,2,20060127.0,충청북도 청주시 청원구 내덕동 412-81번지,맥아당제과,제과점영업,청원구,내덕동
19940216,2,20060220.0,충청북도 청주시 흥덕구 봉명동 353-5번지,베이커리삼립금성점,제과점영업,흥덕구,봉명동
19940217,2,20011218.0,충청북도 청주시 흥덕구 복대동 2008번지,홈베이커리,제과점영업,흥덕구,복대동
19940219,2,20060102.0,충청북도 청주시 상당구 북문로2가 116-151번지,밀 베이커리,제과점영업,상당구,북문로2가
19940426,2,20210305.0,충청북도 청주시 청원구 율량동 981 (1층),뚜레쥬르율량점,제과점영업,청원구,율량동
19940629,2,20110411.0,충청북도 청주시 상당구 탑동 308-1번지,진덕만베이커리,제과점영업,상당구,탑동
19940728,2,20090202.0,충청북도 청주시 서원구 사직동 13-15번지,파리바게뜨 사직점,제과점영업,서원구,사직동
19940912,2,20060222.0,충청북도 청주시 흥덕구 봉명동 2193번지,성호베이커리,제과점영업,흥덕구,봉명동
19940913,2,20130131.0,충청북도 청주시 상당구 서문동 2-10번지 외 1필지,파리바게트청주제일점,제과점영업,상당구,서문동
19940917,2,20050314.0,충청북도 청주시 흥덕구 가경동 1213번지,뚜레쥬르가경1호점,제과점영업,흥덕구,가경동
19941006,2,20050228.0,충청북도 청주시 서원구 수곡동 314번지,둘리제과점,제과점영업,서원구,수곡동
19941007,2,20060911.0,충청북도 청주시 서원구 모충동 122-20번지,파리바게뜨청주수곡점,제과점영업,서원구,모충동
19941008,2,20060102.0,충청북도 청주시 청원구 율량동 803번지,영베이커리,제과점영업,청원구,율량동
19941114,2,20060127.0,충청북도 청주시 청원구 내덕동 652-8번지,임영수베이커리,제과점영업,청원구,내덕동
19941114,2,20030331.0,충청북도 청주시 흥덕구 운천동 1122번지,빵마을,제과점영업,흥덕구,운천동
19941121,2,20061009.0,충청북도 청주시 청원구 율량동 1260번지,굿모닝베이커리,제과점영업,청원구,율량동
20100628,2,20100826.0,충청북도 청주시 서원구 사창동 250-2번지 (1층),앤틱크,제과점영업,서원구,사창동
19950525,2,20020509.0,충청북도 청주시 서원구 모충동 445-28번지,뉴욕제과,제과점영업,서원구,모충동
19950630,2,20010822.0,충청북도 청주시 서원구 사창동 148-3번지,커피숍카니발,제과점영업,서원구,사창동
19950804,2,20120615.0,충청북도 청주시 서원구 개신동 278-38번지,크라운베이커리,제과점영업,서원구,개신동
19951103,2,20060220.0,충청북도 청주시 청원구 율량동 1301번지,빠띠사보아,제과점영업,청원구,율량동
19951110,2,20060116.0,충청북도 청주시 청원구 우암동 375-1번지 우성상가 연립주택상가 21호,우성베이커리,제과점영업,청원구,우암동
19951121,2,20021017.0,충청북도 청주시 서원구 수곡동 1001번지,미즈브레드과자점,제과점영업,서원구,수곡동
19960126,2,20060102.0,충청북도 청주시 청원구 율량동 659-3번지,신라명과,제과점영업,청원구,율량동
19960212,2,20060210.0,충청북도 청주시 상당구 금천동 71-11번지,이태리제과,제과점영업,상당구,금천동
19960426,2,20030819.0,충청북도 청주시 서원구 모충동 500-3번지,흰돌베이커리,제과점영업,서원구,모충동
19960503,2,20120821.0,충청북도 청주시 서원구 사창동 354번지 외 16필지(1층),해피데이,제과점영업,서원구,사창동
19960531,2,20080422.0,충청북도 청주시 서원구 사직동 265-28번지,고려당터미널분점,제과점영업,서원구,사직동
19960612,2,20060919.0,충청북도 청주시 청원구 율량동 861번지 두진백로아파트 상가 102호,이재명베이커리,제과점영업,청원구,율량동
19960618,2,20070718.0,충청북도 청주시 상당구 용암동 2094번지 임광아파트상가,하이델베르과자점,제과점영업,상당구,용암동
20101203,2,20140708.0,충청북도 청주시 상당구 용암동 2301번지 (1층),김현중쉐프,제과점영업,상당구,용암동
20101203,2,20140530.0,충청북도 청주시 상당구 탑동 34-8번지 (1층)킴스마트내,케익하우스엠마,제과점영업,상당구,탑동
20101228,2,20180409.0,"충청북도 청주시 서원구 사창동 222-7번지 (1층)101, 102호",(주)좋은아침 베이커리,제과점영업,서원구,사창동
20110112,2,20110729.0,충청북도 청주시 상당구 남문로2가 46-3번지 (1층),박씨네 화과자,제과점영업,상당구,남문로2가
20150805,2,20151231.0,충청북도 청주시 흥덕구 가경동 764번지 대림가경아파트 상가동 109호,민트리제과,제과점영업,흥덕구,가경동
20050218,2,20191203.0,충청북도 청주시 흥덕구 가경동 1701번지 (1층),던킨도너츠 청주가경점,제과점영업,흥덕구,가경동
20050218,2,20121029.0,충청북도 청주시 서원구 사창동 262-14번지 (1층),빵나라,제과점영업,서원구,사창동
20050225,2,20140224.0,충청북도 청주시 흥덕구 봉명동 2689번지 (1층),뚜레쥬르청주봉명점,제과점영업,흥덕구,봉명동
20050406,2,20060519.0,충청북도 청주시 흥덕구 복대동 2054번지 (1층),빠띠샤과자점,제과점영업,흥덕구,복대동
20100719,2,20110824.0,충청북도 청주시 서원구 모충동 230-24번지 (1층),아메리카나앤베이커리,제과점영업,서원구,모충동
20100730,2,20210122.0,"충청북도 청주시 서원구 성화동 491 성화빌딩 (107,108호)",자연드림 청주성화점,제과점영업,서원구,성화동
20100816,2,20190530.0,충청북도 청주시 청원구 오창읍 양청리 821-2번지,뚜레쥬르오창호수공원점,제과점영업,청원구,오창읍
20100819,2,20111102.0,충청북도 청주시 서원구 산남동 588번지 외1필지 두꺼비빌딩(111호),코코마쉬,제과점영업,서원구,산남동
20100824,2,20190827.0,충청북도 청주시 상당구 용암동 2537번지 중흥마이빌아파트 상가동 (101)호,호도원호두과자청주본점,제과점영업,상당구,용암동
20100902,2,20121204.0,충청북도 청주시 상당구 북문로2가 57-4번지 외3필지 (1층),빵나라,제과점영업,상당구,북문로2가
20101018,2,20110706.0,충청북도 청주시 흥덕구 가경동 1189번지 형석1차아파트 상가 14동 110호,즉석팔봉빵집,제과점영업,흥덕구,가경동
20101021,2,20121203.0,충청북도 청주시 서원구 분평동 281-5번지 더플러스마트내(1층),브레드하임,제과점영업,서원구,분평동
20101111,2,20120116.0,충청북도 청주시 서원구 산남동 1085번지 (1층 월가마트 내),초콜릿베이커리,제과점영업,서원구,산남동
20101111,2,20120705.0,충청북도 청주시 흥덕구 가경동 1991번지 (1층),OK(오케이)호두,제과점영업,흥덕구,가경동
20110127,2,20121129.0,충청북도 청주시 서원구 미평동 35-20번지 외1필지(지하1층),파리바게뜨에버세이브점,제과점영업,서원구,미평동
20110223,2,20110808.0,충청북도 청주시 청원구 율량동 1026-5번지 (1층),삼형제빵집,제과점영업,청원구,율량동
20110225,2,20191114.0,충청북도 청주시 상당구 용담동 407번지 외1필지(1층),오븐스토리,제과점영업,상당구,용담동
20110308,2,20171228.0,충청북도 청주시 흥덕구 복대동 1785번지 1층,달콤한입,제과점영업,흥덕구,복대동
20140721,2,20140722.0,충청북도 청주시 흥덕구 복대동 288-124번지 LK트리플렉스 A동 103호(1층),리얼케익(REAL CAKE),제과점영업,흥덕구,복대동
20140325,2,20191205.0,충청북도 청주시 상당구 금천동 261-30번지 1층,아뜰리에101,제과점영업,상당구,금천동
20140428,2,20171207.0,충청북도 청주시 서원구 수곡동 334번지 1층,홈플러스익스프레스청주수곡점,제과점영업,서원구,수곡동
20140502,2,20170119.0,충청북도 청주시 서원구 산남동 832번지 (1층),FLORIAN(플로리안),제과점영업,서원구,산남동
20140516,2,20140523.0,충청북도 청주시 흥덕구 복대동 3380번지 현대백화점충청점 지하1층,바누아투과자점,제과점영업,흥덕구,복대동
20050506,2,20061101.0,충청북도 청주시 상당구 용담동 421번지,뚜쥬르,제과점영업,상당구,용담동
20050512,2,20111226.0,충청북도 청주시 서원구 사직동 722-6번지 (1층),국보제과,제과점영업,서원구,사직동
20050516,2,20070116.0,충청북도 청주시 흥덕구 봉명동 1855번지 푸른@상가 B동 101호,신라명과,제과점영업,흥덕구,봉명동
20050715,2,20100326.0,충청북도 청주시 서원구 사창동 156-10번지 외 4필지(1층),던킨도넛츠(충북대점),제과점영업,서원구,사창동
20051011,2,20141128.0,충청북도 청주시 상당구 남문로2가 9-13번지 (1층),던킨도너츠,제과점영업,상당구,남문로2가
20051012,2,20060503.0,충청북도 청주시 상당구 북문로1가 117-2번지,옥토브로베이커리,제과점영업,상당구,북문로1가
20051012,2,20090611.0,충청북도 청주시 상당구 용암동 2083번지,케잌하우스리옹,제과점영업,상당구,용암동
20080520,2,20140520.0,충청북도 청주시 상당구 용암동 1672번지 (1층),파리바게트(청주용암점),제과점영업,상당구,용암동
20080623,2,20080708.0,충청북도 청주시 흥덕구 가경동 1669번지 (1층),카카오아일(가경점),제과점영업,흥덕구,가경동
20051020,2,20070112.0,충청북도 청주시 상당구 용암동 2086번지 효성아파트 상가 1층1호,팔래스도우넛,제과점영업,상당구,용암동
20051109,2,20060907.0,충청북도 청주시 서원구 사창동 385-10번지 외 1필지(1층),바른생활샌드위치,제과점영업,서원구,사창동
20051109,2,20110624.0,충청북도 청주시 흥덕구 가경동 1685번지 외 4필지 111호(1층),뚜레쥬르가경대우점,제과점영업,흥덕구,가경동
20051111,2,20130717.0,충청북도 청주시 상당구 북문로1가 152-2번지,정항우케익,제과점영업,상당구,북문로1가
20051208,2,20090814.0,충청북도 청주시 청원구 사천동 437-14번지,케익마루,제과점영업,청원구,사천동
20051221,2,20060131.0,충청북도 청주시 청원구 내덕동 402-24번지,빵파러,제과점영업,청원구,내덕동
20060106,2,20180817.0,충청북도 청주시 흥덕구 복대동 2576번지 (1층),떡보의하루,제과점영업,흥덕구,복대동
20060112,2,20081208.0,충청북도 청주시 청원구 내수읍 학평리 150-7번지,하나로베이커리,제과점영업,청원구,내수읍
20060123,2,20101223.0,충청북도 청주시 상당구 용담동 407번지,프랑드리,제과점영업,상당구,용담동
20060224,2,20110719.0,충청북도 청주시 흥덕구 봉명동 168번지 (1층),뚜레쥬르청주봉명주공점,제과점영업,흥덕구,봉명동
20060317,2,20181011.0,충청북도 청주시 서원구 수곡동 904번지 (1층),이보아르베이커리,제과점영업,서원구,수곡동
20080725,2,20130329.0,충청북도 청주시 흥덕구 복대동 2596번지 (1층),봉스카페앤베이커리,제과점영업,흥덕구,복대동
20080826,2,20150106.0,충청북도 청주시 흥덕구 봉명동 1321번지 (1층),해바라기제과점,제과점영업,흥덕구,봉명동
20080917,2,20110316.0,충청북도 청주시 서원구 분평동 1258번지 (1층 103.104호),뚜레쥬르(분평주공점),제과점영업,서원구,분평동
20081006,2,20100503.0,충청북도 청주시 서원구 사창동 267-1번지 외 1필지(1층),카카오아일,제과점영업,서원구,사창동
20081015,2,20120405.0,충청북도 청주시 서원구 성화동 634번지 성화주공1단지아파트상가동 101호 (1층),슈에뜨베이커리,제과점영업,서원구,성화동
20081209,2,20121126.0,충청북도 청주시 상당구 용암동 1674번지 (지하),하나로 베이커리,제과점영업,상당구,용암동
20090113,2,20120521.0,충청북도 청주시 흥덕구 오송읍 오송리 142-1번지,오송베이커리,제과점영업,흥덕구,오송읍
20090130,2,20101231.0,충청북도 청주시 상당구 금천동 226-2번지 1층,천안전통호두과자,제과점영업,상당구,금천동
20090216,2,20100902.0,충청북도 청주시 상당구 북문로1가 90-1번지 1층 롯데시네마1008호,호두까기인형,제과점영업,상당구,북문로1가
20090306,2,20140113.0,충청북도 청주시 청원구 율량동 772번지 1층,천안전통호두과자,제과점영업,청원구,율량동
19881212,2,20110823.0,충청북도 청주시 서원구 사창동 156-2번지,파리바게뜨사창점,제과점영업,서원구,사창동
19890801,2,20080227.0,충청북도 청주시 흥덕구 복대동 1497번지,에펠제과,제과점영업,흥덕구,복대동
19890925,2,20040129.0,충청북도 청주시 서원구 사창동 262-2번지,주현베이커리,제과점영업,서원구,사창동
19900523,2,20120725.0,충청북도 청주시 흥덕구 운천동 1566번지,흥덕제과,제과점영업,흥덕구,운천동
19900614,2,20030501.0,충청북도 청주시 서원구 사창동 248-15번지,작은빵궁전,제과점영업,서원구,사창동
19900622,2,20110304.0,충청북도 청주시 청원구 내덕동 652-26번지,카카오아일,제과점영업,청원구,내덕동
19900625,2,20200122.0,충청북도 청주시 청원구 우암동 229-13번지,뚜레쥬르청주대점,제과점영업,청원구,우암동
19900629,2,20111212.0,충청북도 청주시 흥덕구 봉명동 1042번지,신라방제과점,제과점영업,흥덕구,봉명동
19900704,2,20060406.0,충청북도 청주시 청원구 내덕동 421-10번지,공항제과,제과점영업,청원구,내덕동
19900817,2,20190805.0,충청북도 청주시 상당구 금천동 195-43번지,대구제과,제과점영업,상당구,금천동
19900831,2,20030324.0,충청북도 청주시 흥덕구 운천동 1551번지,춘강다실,제과점영업,흥덕구,운천동
19901120,2,20040525.0,충청북도 청주시 흥덕구 비하동 669-8번지,맛나당제과,제과점영업,흥덕구,비하동
19901205,2,20071218.0,충청북도 청주시 서원구 수곡동 333번지 산남주공 상가동 1-103호,빠띠사보아산남분점,제과점영업,서원구,수곡동
19910402,2,20060102.0,충청북도 청주시 청원구 내덕동 651-6번지,고려당율량분점,제과점영업,청원구,내덕동
19910612,2,20021011.0,충청북도 청주시 흥덕구 복대동 1522번지,명승다실,제과점영업,흥덕구,복대동
19910731,2,20181015.0,충청북도 청주시 흥덕구 복대동 292-14번지 외 4필지(1층),마들렌과자점,제과점영업,흥덕구,복대동
19911108,2,20080422.0,충청북도 청주시 서원구 분평동 320번지,크리스탈제과,제과점영업,서원구,분평동
19920304,2,20130719.0,충청북도 청주시 상당구 금천동 115-1번지 수정아파트 103동(상가) 103호,케잌하우스쉐마,제과점영업,상당구,금천동
19920306,2,20051102.0,충청북도 청주시 흥덕구 봉명동 204-4번지,빵궁전베이커리,제과점영업,흥덕구,봉명동
19920306,2,20050507.0,충청북도 청주시 흥덕구 봉명동 204번지,빵궁전베이커리,제과점영업,흥덕구,봉명동
19920427,2,20020315.0,충청북도 청주시 서원구 개신동 278-27번지,미리내베이커리,제과점영업,서원구,개신동
20091026,2,20101103.0,충청북도 청주시 흥덕구 휴암동 332-28번지 외 1필지 나동 (1층),천안옛골호두과자,제과점영업,흥덕구,휴암동
20091112,2,20131107.0,충청북도 청주시 상당구 남문로2가 31번지 (1층),뚜레쥬르청주성안점,제과점영업,상당구,남문로2가
20091119,2,20101012.0,충청북도 청주시 서원구 수곡동 877번지 (1층),다모아,제과점영업,서원구,수곡동
20091123,2,20140723.0,충청북도 청주시 서원구 수곡동 78-25번지 (1층),카카오아일,제과점영업,서원구,수곡동
20091124,2,20100608.0,충청북도 청주시 흥덕구 봉명동 2719번지 (1층),하모니베이커리,제과점영업,흥덕구,봉명동
20100129,2,20161108.0,충청북도 청주시 상당구 북문로2가 116-25번지 1층,울타리없는장군빵집,제과점영업,상당구,북문로2가
20100304,2,20110222.0,충청북도 청주시 흥덕구 봉명동 1328번지 (1층),이정화의 행복한쿠키,제과점영업,흥덕구,봉명동
20100520,2,20130603.0,충청북도 청주시 청원구 사천동 233-197번지 (1층),파티쉐베이커리,제과점영업,청원구,사천동
20100528,2,20120307.0,충청북도 청주시 서원구 미평동 123-1번지 청주E마트(청주.판매시설)지하3층,(주)조선호텔베이커리,제과점영업,서원구,미평동
20100603,2,20121227.0,충청북도 청주시 서원구 모충동 230-36번지 (1층),GS25뉴청주모충점(제빵),제과점영업,서원구,모충동
20100604,2,20170425.0,충청북도 청주시 서원구 사창동 357-8번지 (1층),따삐오,제과점영업,서원구,사창동
20100604,2,20110511.0,충청북도 청주시 흥덕구 오송읍 만수리 523번지,월드윈베이커리,제과점영업,흥덕구,오송읍
20100609,2,20161213.0,충청북도 청주시 서원구 사직동 936번지 4공구 상가(115호),뚜레쥬르청주사직캐슬점,제과점영업,서원구,사직동
20100617,2,20100907.0,충청북도 청주시 흥덕구 복대동 3034번지 삼일나파트 상가 115동(111호),브리앙뜨베이커리,제과점영업,흥덕구,복대동
20130510,2,20180105.0,충청북도 청주시 서원구 성화동 899번지 (1층),Day Bread(데이브레드),제과점영업,서원구,성화동
20130816,2,20161228.0,충청북도 청주시 상당구 용담동 396번지 2층 203호,디브유,제과점영업,상당구,용담동
20130830,2,20151224.0,충청북도 청주시 서원구 사직동 755번지 (1)예술의전당 (1층),달콤,제과점영업,서원구,사직동
20130917,2,20181112.0,충청북도 청주시 상당구 용정동 1153번지 (1층),파리바게뜨,제과점영업,상당구,용정동
20131007,2,20200526.0,충청북도 청주시 상당구 북문로1가 175-3번지 3층,케이크만들기단하나,제과점영업,상당구,북문로1가
20131010,2,20141023.0,충청북도 청주시 청원구 율량동 1135번지 한울@상가 A동 1층 102호,레타블랑제리,제과점영업,청원구,율량동
20131209,2,20170227.0,충청북도 청주시 서원구 사직동 13-13번지 (1층),흥興제과사무소,제과점영업,서원구,사직동
20140103,2,20170724.0,충청북도 청주시 서원구 산남동 661번지 인템프라자 106호(1층),르쇼크(LeCHOC),제과점영업,서원구,산남동
20140117,2,20150803.0,"충청북도 청주시 상당구 금천동 43번지 금관할인마트내,1층",김동구빵굼터,제과점영업,상당구,금천동
20140206,2,20180816.0,충청북도 청주시 흥덕구 가경동 1517번지 동부아파트 상가동 102호 (1층),쿠키지인,제과점영업,흥덕구,가경동
20140211,2,20200518.0,충청북도 청주시 흥덕구 복대동 1717번지 (1층),더채운케이크,제과점영업,흥덕구,복대동
20060329,2,20060718.0,충청북도 청주시 흥덕구 가경동 1189번지 형석1차@상가 13동 109호,빵가마,제과점영업,흥덕구,가경동
20060726,2,20121207.0,충청북도 청주시 흥덕구 가경동 1416-3번지 1527호(1층),파리바게뜨,제과점영업,흥덕구,가경동
20060801,2,20121205.0,충청북도 청주시 흥덕구 가경동 1416-3번지 6001호,파리바게트,제과점영업,흥덕구,가경동
20060810,2,20080204.0,충청북도 청주시 청원구 오창읍 양청리 821-4번지 오창프라자 1층 108호,라이스존,제과점영업,청원구,오창읍
20060929,2,20100607.0,충청북도 청주시 흥덕구 복대동 489-1번지 (1층),그랜드제과,제과점영업,흥덕구,복대동
20061002,2,20081022.0,충청북도 청주시 청원구 오창읍 양청리 821-2번지 오창올리브 105호,뚜레쥬르올리브점,제과점영업,청원구,오창읍
20061107,2,20120126.0,충청북도 청주시 상당구 북문로2가 63-4번지 (1층),뚜레쥬르북문로점,제과점영업,상당구,북문로2가
20070125,2,20101005.0,충청북도 청주시 상당구 탑동 34-8번지 외 2필지(1층),브레드하임,제과점영업,상당구,탑동
20070131,2,20120125.0,충청북도 청주시 서원구 수곡동 848번지 (1층),뚜레쥬르청주수곡한마음점,제과점영업,서원구,수곡동
20070227,2,20080212.0,충청북도 청주시 서원구 분평동 1313번지 (1층),허니케잌&쿠키,제과점영업,서원구,분평동
20070315,2,20160512.0,충청북도 청주시 상당구 영운동 211-2번지 외3필지(1층),쇼콜라떼,제과점영업,상당구,영운동
20201230,2,20210624.0,충청북도 청주시 상당구 용암동 186-30,카페인중독용암점,제과점영업,상당구,용암동
20210208,2,20210218.0,충청북도 청주시 흥덕구 복대동 3380 현대백화점,팥고당(현대충청점),제과점영업,흥덕구,복대동
